appname,applink,appinstallcount,appsize,appcomment
QQ,https://www.wandoujia.com/apps/com.tencent.mobileqq,21.5亿,65.79,老牌聊天软件，装载童年
微信,https://www.wandoujia.com/apps/com.tencent.mm,21.5亿,96.35,每个人手机必装的聊天软件
酷狗音乐,https://www.wandoujia.com/apps/com.kugou.android,10.5亿,60.77,人气音乐播放器，海量曲库
爱奇艺,https://www.wandoujia.com/apps/com.qiyi.video,8.6亿,39.41,追潮流新剧，看优质影片
抖音短视频,https://www.wandoujia.com/apps/com.ss.android.ugc.aweme,3亿,76.65,音乐短视频软件，记录生活
快手,https://www.wandoujia.com/apps/com.smile.gifmaker,5.6亿,72.3,记录生活中有趣的精彩瞬间
UC浏览器,https://www.wandoujia.com/apps/com.UCMobile,5.5亿,50.25,精彩资讯一刷即有
影音先锋,https://www.wandoujia.com/apps/com.xfplay.play,5.4亿,25.46,最具人性化体验的播放器
腾讯视频,https://www.wandoujia.com/apps/com.tencent.qqlive,6.6亿,39.26,三国机密全网独播
手机淘宝,https://www.wandoujia.com/apps/com.taobao.taobao,6.1亿,106.03,手机网购，一切商品全都有
MOMO陌陌,https://www.wandoujia.com/apps/com.immomo.momo,8.1亿,72.58,新奇在身边，发现身边有意思的人
优酷视频-这就是街舞,https://www.wandoujia.com/apps/com.youku.phone,9亿,49.38,知否知否应是绿肥红瘦、挑战吧太空尽在优酷
拼多多,https://www.wandoujia.com/apps/com.xunmeng.pinduoduo,1.7亿,18.57,9.9秒杀每天都有
QQ音乐,https://www.wandoujia.com/apps/com.tencent.qqmusic,4亿,58.1,我们用心做好音乐
全民K歌,https://www.wandoujia.com/apps/com.tencent.karaoke,3.2亿,66.93,五音不全？你也可以当歌星
支付宝,https://www.wandoujia.com/apps/com.eg.android.AlipayGphone,5.7亿,65.54,安全享受无现金支付
作业帮,https://www.wandoujia.com/apps/com.baidu.homework,2.2亿,64.97,小初高拍照搜题提分利器
百度,https://www.wandoujia.com/apps/com.baidu.searchbox,2.9亿,77.71,百度旗下权威搜索客户端
哔哩哔哩,https://www.wandoujia.com/apps/tv.danmaku.bili,2.8亿,90.59,弹幕视频应用，吐槽欢乐多
迅雷,https://www.wandoujia.com/apps/com.xunlei.downloadprovider,3.1亿,32.16,下载首选工具
高德地图,https://www.wandoujia.com/apps/com.autonavi.minimap,2.6亿人下载 ・,2.6亿人下载 ・,7亿人的地图导航
QQ浏览器,https://www.wandoujia.com/apps/com.tencent.mtt,2.2亿,33.79,多终端同步上网
百度网盘,https://www.wandoujia.com/apps/com.baidu.netdisk,3.3亿,57.18,相册通讯录备份，保护数据
网易云音乐,https://www.wandoujia.com/apps/com.netease.cloudmusic,1.3亿,54.1,口碑好，曲库全
QQ,https://www.wandoujia.com/apps/com.tencent.mobileqq,21.5亿,65.79,老牌聊天软件，装载童年
微信,https://www.wandoujia.com/apps/com.tencent.mm,21.5亿,96.35,每个人手机必装的聊天软件
酷狗音乐,https://www.wandoujia.com/apps/com.kugou.android,10.5亿,60.77,人气音乐播放器，海量曲库
爱奇艺,https://www.wandoujia.com/apps/com.qiyi.video,8.6亿,39.41,追潮流新剧，看优质影片
抖音短视频,https://www.wandoujia.com/apps/com.ss.android.ugc.aweme,3亿,76.65,音乐短视频软件，记录生活
快手,https://www.wandoujia.com/apps/com.smile.gifmaker,5.6亿,72.3,记录生活中有趣的精彩瞬间
UC浏览器,https://www.wandoujia.com/apps/com.UCMobile,5.5亿,50.25,精彩资讯一刷即有
影音先锋,https://www.wandoujia.com/apps/com.xfplay.play,5.4亿,25.46,最具人性化体验的播放器
腾讯视频,https://www.wandoujia.com/apps/com.tencent.qqlive,6.6亿,39.26,三国机密全网独播
手机淘宝,https://www.wandoujia.com/apps/com.taobao.taobao,6.1亿,106.03,手机网购，一切商品全都有
MOMO陌陌,https://www.wandoujia.com/apps/com.immomo.momo,8.1亿,72.58,新奇在身边，发现身边有意思的人
优酷视频-这就是街舞,https://www.wandoujia.com/apps/com.youku.phone,9亿,49.38,知否知否应是绿肥红瘦、挑战吧太空尽在优酷
拼多多,https://www.wandoujia.com/apps/com.xunmeng.pinduoduo,1.7亿,18.57,9.9秒杀每天都有
QQ音乐,https://www.wandoujia.com/apps/com.tencent.qqmusic,4亿,58.1,我们用心做好音乐
全民K歌,https://www.wandoujia.com/apps/com.tencent.karaoke,3.2亿,66.93,五音不全？你也可以当歌星
支付宝,https://www.wandoujia.com/apps/com.eg.android.AlipayGphone,5.7亿,65.54,安全享受无现金支付
作业帮,https://www.wandoujia.com/apps/com.baidu.homework,2.2亿,64.97,小初高拍照搜题提分利器
百度,https://www.wandoujia.com/apps/com.baidu.searchbox,2.9亿,77.71,百度旗下权威搜索客户端
哔哩哔哩,https://www.wandoujia.com/apps/tv.danmaku.bili,2.8亿,90.59,弹幕视频应用，吐槽欢乐多
迅雷,https://www.wandoujia.com/apps/com.xunlei.downloadprovider,3.1亿,32.16,下载首选工具
高德地图,https://www.wandoujia.com/apps/com.autonavi.minimap,2.6亿人下载 ・,2.6亿人下载 ・,7亿人的地图导航
QQ浏览器,https://www.wandoujia.com/apps/com.tencent.mtt,2.2亿,33.79,多终端同步上网
百度网盘,https://www.wandoujia.com/apps/com.baidu.netdisk,3.3亿,57.18,相册通讯录备份，保护数据
网易云音乐,https://www.wandoujia.com/apps/com.netease.cloudmusic,1.3亿,54.1,口碑好，曲库全
交管12123,https://www.wandoujia.com/apps/com.tmri.app.main,3152.5万,29.61,用心让交管更便捷
京东,https://www.wandoujia.com/apps/com.jingdong.app.mall,2.2亿,85.05,万千新品，天天折扣享不停
美团,https://www.wandoujia.com/apps/com.sankuai.meituan,2.3亿,102.37,吃喝玩乐全都有
快猫,https://www.wandoujia.com/apps/com.juyu.ml,123.7万,27.94,快猫破解增强版
学习强国,https://www.wandoujia.com/apps/cn.xuexi.android,63万,94.24,海量知识信息与丰富学习慕课
微博,https://www.wandoujia.com/apps/com.sina.weibo,2.2亿,79.88,上微博看热点资讯
竹鼠免费漫画大全,https://www.wandoujia.com/apps/com.mfmhdq.comic,40.3万,14.99,【产品简介】 免费漫画大全提供超过十万本本优质漫画，你想看的我们都有！ 涵盖国漫、日漫、韩漫、欧美等
西瓜视频,https://www.wandoujia.com/apps/com.ss.android.article.video,1.3亿,13.67,懂得生活趣味的人都在用
影视大全,https://www.wandoujia.com/apps/com.le123.ysdq,7781.7万,50.76,追剧更番快人一步
闲鱼,https://www.wandoujia.com/apps/com.taobao.idlefish,3761.1万,54.19,让你的闲置游起来
58同城,https://www.wandoujia.com/apps/com.wuba,1.7亿,63.49,让生活更简单
美图秀秀,https://www.wandoujia.com/apps/com.mt.mtxx.mtxx,2.3亿,64.46,超过4亿用户用的美图软件
360手机卫士,https://www.wandoujia.com/apps/com.qihoo360.mobilesafe,5.6亿,16.76,十亿人的安全选择
农行掌上银行,https://www.wandoujia.com/apps/com.android.bankabc,9142.9万,73.86,农行官方专用app
铃声多多,https://www.wandoujia.com/apps/com.shoujiduoduo.ringtone,1.6亿,14.46,装机必备，超强铃声应用
快对作业,https://www.wandoujia.com/apps/com.kuaiduizuoye.scan,948.2万,16.77,扫码搜教辅检查
快看漫画,https://www.wandoujia.com/apps/com.kuaikan.comic,1.1亿,34.56,超全原创漫画
今日头条,https://www.wandoujia.com/apps/com.ss.android.article.news,1.6亿,28.45,你关心的才是头条
中国建设银行,https://www.wandoujia.com/apps/com.chinamworld.main,1.3亿,136.1,在家享受建行各种服务
搜狗输入法,https://www.wandoujia.com/apps/com.sohu.inputmethod.sogou,4.7亿,37.34,打字精准、界面美的输入法
刷宝,https://www.wandoujia.com/apps/com.jm.video,129.7万,30.87,看视频，领福利
安全教育平台,https://www.wandoujia.com/apps/com.jzzs.ParentsHelper,1192.9万,14.23,安全教育移动版
芒果TV,https://www.wandoujia.com/apps/com.hunantv.imgo.activity,2亿,56.63,湖南卫视官方视频APP
滴滴出行,https://www.wandoujia.com/apps/com.sdu.didi.psnger,1.1亿,64.11,一键叫车快捷出行
搜狗输入法,https://www.wandoujia.com/apps/com.sohu.inputmethod.sogou,4.7亿,37.34,打字精准、界面美的输入法
刷宝,https://www.wandoujia.com/apps/com.jm.video,129.7万,30.87,看视频，领福利
安全教育平台,https://www.wandoujia.com/apps/com.jzzs.ParentsHelper,1192.9万,14.23,安全教育移动版
芒果TV,https://www.wandoujia.com/apps/com.hunantv.imgo.activity,2亿,56.63,湖南卫视官方视频APP
滴滴出行,https://www.wandoujia.com/apps/com.sdu.didi.psnger,1.1亿,64.11,一键叫车快捷出行
小红书,https://www.wandoujia.com/apps/com.xingin.xhs,2048万,53.75,小红书—找到国外的好东西！
工行手机银行,https://www.wandoujia.com/apps/com.icbc,8281.4万,121.14,工行官方APP，随时享受工行金融服务
有钱花,https://www.wandoujia.com/apps/com.duxiaoman.umoney,94.4万,13.95,贷款借款借钱平台
云闪付,https://www.wandoujia.com/apps/com.unionpay,1927.4万,71.29,一切为了让支付更加方便，银联出品
中国银行,https://www.wandoujia.com/apps/com.chinamworld.bocmbci,4265.9万,81.69,中银官方APP，你的掌上支付管家
喜马拉雅,https://www.wandoujia.com/apps/com.ximalaya.ting.android,1.7亿,54.23,海量原创曲库，想听就听
讯飞输入法,https://www.wandoujia.com/apps/com.iflytek.inputmethod,1.5亿,21.82,说话变文字，方言也能懂
钉钉,https://www.wandoujia.com/apps/com.alibaba.android.rimet,3577.4万,85.98,最安全稳定的手机沟通方式！
斗鱼直播,https://www.wandoujia.com/apps/air.tv.douyu.android,1.1亿,47.77,斗鱼嘉年华
中国移动,https://www.wandoujia.com/apps/com.greenpoint.android.mc10086.activity,1.2亿,25.33,中国移动官方服务应用
火山小视频,https://www.wandoujia.com/apps/com.ss.android.ugc.live,1.5亿,28.96,在火山，热爱生活
虎牙直播,https://www.wandoujia.com/apps/com.duowan.kiwi,1.3亿,53.12,国内领先的互动直播平台
淘集集,https://www.wandoujia.com/apps/com.huanshou.taojj,237.9万,26.91,全场一元起购物
鹿鹿司机,https://www.wandoujia.com/apps/com.joyfulmonster.kongchepei.driver,1.4万,6.46,鹿鹿司机是“易鹿发智能货运移动网”旗下的一款服务国内货车司机集配货、定位、保险为一体，安装在移动终端
微信分身版,https://www.wandoujia.com/apps/com.xunrui.duokai_box,1227.7万,14.19,多个身份多重惊喜
UC浏览器极速版,https://www.wandoujia.com/apps/com.ucmobile.lite,990.3万,19.41,体积小、省流量、不卡顿的极速浏览器
酷我音乐,https://www.wandoujia.com/apps/cn.kuwo.player,2.9亿,49.54,听歌用酷我，资源多又全
书旗小说,https://www.wandoujia.com/apps/com.shuqi.controller,3.2亿,26.25,免费小说电子书
全本免费小说阅读器,https://www.wandoujia.com/apps/cc.quanben.novel,1133.2万,17.93,尽揽万千免费小说
QQ同步助手,https://www.wandoujia.com/apps/com.tencent.qqpim,1亿,11.84,安全、免费手机数据备份
饿了么,https://www.wandoujia.com/apps/me.ele,1.2亿,39.2,速度快优惠多，吃货必备
腾讯手机管家,https://www.wandoujia.com/apps/com.tencent.qqpimsecure,3.4亿,18.79,微信官方清理缓存
驾考宝典,https://www.wandoujia.com/apps/com.handsgo.jiakao.android,1.5亿,70.75,十个考驾照，九个用宝典，考驾照必备神器！
QQ邮箱,https://www.wandoujia.com/apps/com.tencent.androidqqmail,6967.1万,18.76,全面管理你的邮箱
Faceu激萌,https://www.wandoujia.com/apps/com.lemon.faceu,5202.6万,70.93,Faceu激萌你
猎豹清理大师,https://www.wandoujia.com/apps/com.cleanmaster.mguard_cn,2.5亿,26.76,6亿人用清理软件
咪咕视频,https://www.wandoujia.com/apps/com.cmcc.cmvideo,5374.8万,71.37,我们一起上春晚
12306官方版,https://www.wandoujia.com/apps/com.MobileTicket,1.9亿,27.37,火车票售票官方软件
BeautyCam美颜相机,https://www.wandoujia.com/apps/com.meitu.meiyancamera,2亿,57.49,自拍神器，秒变白富美！
QQ轻聊版,https://www.wandoujia.com/apps/com.tencent.qqlite,2亿,11.02,省内存，聊天更畅快！
汽车之家,https://www.wandoujia.com/apps/com.cubic.autohome,7077.1万,47.04,看最新车讯，查最低车价
番茄直播,https://www.wandoujia.com/apps/com.xiaogongju.live,69.2万,59.06,美女直播秀场社区
邮储银行,https://www.wandoujia.com/apps/com.yitong.mbank.psbc,1342.3万,54.18,轻松办理银行业务
百度贴吧,https://www.wandoujia.com/apps/com.baidu.tieba,1.4亿,56.82,百度贴吧，每天有新神贴！
今日头条极速版,https://www.wandoujia.com/apps/com.ss.android.article.lite,6994.6万,6.74,今日头条-看资讯
WPS Office,https://www.wandoujia.com/apps/cn.wps.moffice_eng,8539.8万,39.47,随时随地高效办公
B612咔叽,https://www.wandoujia.com/apps/com.campmobile.snowcamera,2989万,87.9,有了它，忍不住想自拍
微贷网,https://www.wandoujia.com/apps/com.renrun.aphone.app,1136.2万,33.15,纽交所上市平台
墨迹天气,https://www.wandoujia.com/apps/com.moji.mjweather,1.2亿,20.42,做最懂你的天气
美团外卖,https://www.wandoujia.com/apps/com.sankuai.meituan.takeoutnew,6631.3万,49.29,足不出户，美食送到家！
联通手机营业厅(官方版),https://www.wandoujia.com/apps/com.sinovatech.unicom.ui,6044.5万,35.57,中国联通官方服务应用
水多直播,https://www.wandoujia.com/apps/com.tiange.multiwater,259.1万,42.35,爱的就是心跳
PicsArt美易照片编辑,https://www.wandoujia.com/apps/com.picsart.studio,1662.8万,40.92,修图 App 中的弄「潮」儿
PicsArt美易照片编辑,https://www.wandoujia.com/apps/com.picsart.studio,1662.8万,40.92,修图 App 中的弄「潮」儿
番茄社区,https://www.wandoujia.com/apps/com.chushou.findingme,70.2万,36.01,酒吧娱乐消费必备
嘀嗒出行,https://www.wandoujia.com/apps/com.didapinche.booking,2165.7万,81.16,打出租车顺风车必用
图库,https://www.wandoujia.com/apps/com.flikie.wallpapers.gallery,553.9万,1.01,强大的看图软件，让你简单阅读
个人所得税计算器,https://www.wandoujia.com/apps/cn.noside.tax,17.8万,403K,这个是计算个人所得税的工具，简洁而强大。 新增记忆功能，上一次的输入数据在下次程序启动恢复，更加人性
手机卷尺,https://www.wandoujia.com/apps/kr.kim1001.RulerAC,22.9万,1.63,试想一下，你需要衡量东西的时候，你没有一个卷尺是不是很不方便呢？不用担心！现在，这儿软件可以帮你解决
查找对方号码位置,https://www.wandoujia.com/apps/com.whzy.gps.search.name150,30.9万,1.12,简单地说，通过本程序，你只需要知道情人的手机号码，输入后，就可查看该手机（号码）的行踪轨迹，以及卫星
最大音量,https://www.wandoujia.com/apps/com.brokenvera.sndctrl,17.8万,1.38,最大音量applicatior控制所有的均衡器设置，使你得到一个最大的音响和低音增强您的手机上。为获
Line Dual,https://www.wandoujia.com/apps/com.androidapp.line,5.9万,455K,你想安装线2的移动设备上，你只需要一个电话号码吗？我们解释如何做到这一点，很简单。...
港澳台,https://www.wandoujia.com/apps/com.unitepower.mcd2_HKM,8.4万,13.92,香港、澳门是亚洲繁华的大都市，香港被称为东方之珠，澳门行政区是一座海滨城市，素有东方蒙地卡罗的美誉。
饥荒攻略超级助手,https://www.wandoujia.com/apps/com.ast.hjzs,8.8万,6.32,饥荒攻略带你玩
电子鞭炮,https://www.wandoujia.com/apps/net.newtool.bianpao,6.9万,3.78,这是一款在新年和其他喜庆时刻使用的电子鞭炮软件，可以模拟发出多种鞭炮声音，声音响亮。
你脱还是我脱,https://www.wandoujia.com/apps/com.happyfish.nituo,8.6万,552K,那天，潇洒姐尚好佳接到了一个昨晚对她表白的男人电话。 你今天怎么那么早就走了呢？ 喝多了，就走了呗！
七彩手电,https://www.wandoujia.com/apps/com.flash.info,14.7万,785K,你是否已经厌倦了单调的白光？有了这个此应用，你的手电将不会只有单纯的的白光，他将是一个七彩的圆环在屏
健康72式,https://www.wandoujia.com/apps/com.health72,4.6万,896K,开发者：来自360助手
看IMEI和IMSI,https://www.wandoujia.com/apps/com.hfutxf.viewimei,18.4万,81K,通过本软件，可以查看到手机的IMEI和IMSI。
USB快捷调试开关,https://www.wandoujia.com/apps/com.usbShortCut,41.1万,3.21,抛弃繁琐步骤，所有操作只需一次触摸，快捷从这里开始！ 快速打开USB开关调试界面.操作简单快捷! 新
广东移动通信报,https://www.wandoujia.com/apps/com.giahoo,10万,323K,应用介绍 “《广东移动通信》报”客户端软件是中国移动广东公司推出的在线应用类业务，让用户在桌面上就可
V2智能,https://www.wandoujia.com/apps/nes.nesreport,22.8万,3.94,
云相册,https://www.wandoujia.com/apps/com.huawei.gallery,68.8万,2.45,云相册含有如下功能：1.在云端新建/删除相册。2.显示云相册。3.显示云相册多张照片缩略图。4.显示
专业测谎仪,https://www.wandoujia.com/apps/com.mob4.chebeinandeshenhua,3.2万,996K,"[专业测谎仪]是一款能在朋友聚会时活跃气氛的软件哦!很不错的哈!她能通过你的指纹感应你的心率,和通过"
火焰纹章烈火之剑,https://www.wandoujia.com/apps/com.yysx.gbahywzlhzj_nop,8.1万,12.47,《火焰之纹章：烈火之剑》是火焰之纹章系列是第7部作品，是登陆GBA之后的第二部作品，同时也是火纹系列
KTV转盘,https://www.wandoujia.com/apps/ktv.ktv,3.1万,826K,完美的把现实生活中KTV、酒吧里面的娱乐大转盘移植到了手机上，携带跟方便，使用更简单。是聚会，喝酒的
T-ara Soyeon Photo (免费版),https://www.wandoujia.com/apps/Tara.Soyen.tarasoyeonbybing2,1.2万,2.84,朴昭妍（谚文：박소연，英文：Park So-Yeon，1987年10月5日－），韩国女子组合T-ar
360借条,https://www.wandoujia.com/apps/com.qihoo.loan,1607.8万,19.97,专业手机贷款平台
全国违章查询,https://www.wandoujia.com/apps/com.android.cheyooh,2199.4万,12.34,全国最快速的免费违章查询工具
查找对方号码位置,https://www.wandoujia.com/apps/com.whzy.gps.search.name150,30.9万,1.12,简单地说，通过本程序，你只需要知道情人的手机号码，输入后，就可查看该手机（号码）的行踪轨迹，以及卫星
疯播直播,https://www.wandoujia.com/apps/com.fengbo.live,149.6万,93.58,深夜福利美女直播
安卓商场,https://www.wandoujia.com/apps/com.sostation.market,64.8万,6.26,基于LBS的安卓服务应用。
图片合成器,https://www.wandoujia.com/apps/cn.poco.pMix,1186.7万,64.77,两张图片，N种超赞合成玩法！
头像大师,https://www.wandoujia.com/apps/com.babycloud.headportrait,326万,7.17,微信QQ头像大全
香哈菜谱,https://www.wandoujia.com/apps/com.xiangha,746.7万,27.61,最流行的菜谱APP，人气最旺的美食社区
位置伪装大师,https://www.wandoujia.com/apps/com.xiaoya.xndw,12.8万,17.1,虚拟地理位置定位
联动云租车,https://www.wandoujia.com/apps/com.ldygo.qhzc,25万,16.55,自驾租车共享汽车
水星路由,https://www.wandoujia.com/apps/com.mercury.mercuryrouter,333.2万,1.05,水星路由手机app专用于管理和设置水星路由器的手机软件，需要与水星品牌的无线路由器搭配使用。目前支持
WIFI网速测试,https://www.wandoujia.com/apps/com.quickbird.speedtest,988.6万,3.93,随时随地检测您的网速
美剧猎人,https://www.wandoujia.com/apps/com.lzsoft.TV_Chaser,100.7万,13.19,最简单易用的美剧应用，无广告，无插播。
宝宝巴士儿歌,https://www.wandoujia.com/apps/com.sinyee.babybus.chants,55.2万,16.78,儿歌故事早教大全
亲宝宝,https://www.wandoujia.com/apps/com.dw.btime,289.4万,47.16,宝宝成长空间，妈妈育儿必备！
安兔兔硬件检测,https://www.wandoujia.com/apps/com.antutu.tester,497.8万,7.52,全球最专业的手机跑分软件
日剧社,https://www.wandoujia.com/apps/com.leku.rjtv,8.7万,9.84,日剧追番，必备神器~不用你的就out啦~~ 你还在为日剧找不到资源而苦恼吗？你还在为找种子找链接而费
沙发视频,https://www.wandoujia.com/apps/com.sohu.youju,20.1万,9.3,看视频，上沙发
国美,https://www.wandoujia.com/apps/com.gome.eshopnew,1310.1万,60.52,新人免费领取专属大礼包，首单再送158元
广州地铁,https://www.wandoujia.com/apps/com.infothinker.gzmetro,119.7万,66.25,广州地铁官方APP，以全新的信息服务方式，让您尽享地铁出行之悦。地铁出行路线、首末班车时间、车站服务
壹钱包,https://www.wandoujia.com/apps/com.paic.zhifu.wallet.activity,539.2万,47.74,任性理财，闪电还款，投资必选
360影视大全,https://www.wandoujia.com/apps/com.qihoo.video,1.7亿,25.5,强大的手机看片神器，下载流畅播放爽
贝贝,https://www.wandoujia.com/apps/com.husor.beibei,1151.6万,35.47,妈妈团购上贝贝
爱又米,https://www.wandoujia.com/apps/com.aixuedai.axd,140万,25.25,大学生信用分期
蜜秀直播,https://www.wandoujia.com/apps/com.chequer.jackson.live.meshow,214.7万,14.94,开直播：随时随地拿出手机，直播你的精彩生活，分享你的每个时刻，你就是舞台的主角。 女神级主播撒娇卖萌
悟空多开分身双开助手,https://www.wandoujia.com/apps/info.red.virtual,76.7万,5.27,免费微信多开助手
谷歌安装器,https://www.wandoujia.com/apps/com.appchina.googleinstaller,140.7万,842K,谷歌器，一键解决玩游戏闪退、黑屏的问题，玩安卓大游戏必备！
韩剧TV,https://www.wandoujia.com/apps/com.leku.hmsq,192万,23.35,你的韩剧追剧神器
叽里呱啦,https://www.wandoujia.com/apps/com.jiliguala.niuwa,329.2万,78.23,英文起名必备-宝贝和爸妈最好的英文早教老师
酷我音乐HD,https://www.wandoujia.com/apps/cn.kuwo.kwmusichd,550万,43.78,酷我音乐HD（for androidPad）是专门为androidPad定制的音乐播放器
手机电脑,https://www.wandoujia.com/apps/com.dalongtech.phonepc,292.1万,14.93,手机控制云端电脑
秀恋直播,https://www.wandoujia.com/apps/com.goldfruit.yaorao.kim.play,159.5万,14.91,视频交友直播秀场
约爱吧,https://www.wandoujia.com/apps/com.dlboya.yab,32.3万,6.47,1分找到附近美女
人民日报,https://www.wandoujia.com/apps/com.peopledailychina.activity,304.5万,27.66,重大突发，分秒必达；政策动向，权威解读
搜图神器,https://www.wandoujia.com/apps/com.example.administrator.searchpicturetool,208万,10.32,发现美图的乐趣
变老,https://www.wandoujia.com/apps/ly.appt.oldify,903.7万,19.12,它可以带你穿越时光机，看到多年以后的自己
零用钱,https://www.wandoujia.com/apps/com.app.pocketmoney,572.9万,7.13,手机赚钱
惠视频,https://www.wandoujia.com/apps/com.cashvideo,40.4万,40.42,会赚钱的视频
翼支付,https://www.wandoujia.com/apps/com.chinatelecom.bestpayclient,2235.8万,66.12,提供综合性移动支付业务和理财服务
聊天小公主,https://www.wandoujia.com/apps/com.byl.qq,264.1万,21.58,聊天娱乐一网打尽
免费音乐,https://www.wandoujia.com/apps/com.freemusicsource,40.1万,940K,免费音乐，让您从网站上下载数百万首免费歌曲，喜欢的朋友千万不要错过，快点来下载吧。
谷歌服务框架安装神器,https://www.wandoujia.com/apps/cn.legend.googleinstaller,76.8万,17.48,一键检测并安装手机系统上缺少的谷歌组件。
凤凰视频,https://www.wandoujia.com/apps/com.ifeng.newvideo,2725.5万,26.97,视频新闻全整合，24小时直击天下事
百度极速版,https://www.wandoujia.com/apps/com.baidu.searchbox.lite,8280.9万,10.93,新闻头条热点视频
公众号助手,https://www.wandoujia.com/apps/com.bangyibang.weixinmh,103万,7.02,公众平台手机版
环球网校,https://www.wandoujia.com/apps/com.edu24ol.newclass,61.2万,34.51,随时随地手机学习
江西农信新一代手机银行,https://www.wandoujia.com/apps/com.jxnxs.mobile.bank,136.3万,64.77,强大的服务功能、多重的安全保障、全新的客户体验！江西省农商银行手机银行3.0版为您贴心、智能、便捷的
云南农信个人手机银行,https://www.wandoujia.com/apps/com.mobilex.ynrcbmobilebank,169.5万,22.4,本客户端是云南省农村信用社专为Android系统用户开发的手机银行客户端。提供网点地图、转账汇款、账
扫描全能王CamScanner,https://www.wandoujia.com/apps/com.intsig.camscanner,1290.2万,66.42,最智能的扫描软件，手机秒变扫描仪
恐龙快打绿色版,https://www.wandoujia.com/apps/com.clemu.dinoclb,38.7万,13.1,《恐龙快打》是一款著名的街机游戏。游戏改编自1993年美国CBS开始放送的《Xenozoic Tal
蒸汽波相机,https://www.wandoujia.com/apps/com.wecut.vapor,86.2万,20.96,超现实图片编辑器
新浪微盘,https://www.wandoujia.com/apps/com.sina.VDisk,471.4万,22.79,6亿微博用户官方网盘，热门文件搜索下载
豆果美食,https://www.wandoujia.com/apps/com.douguo.recipe,869.5万,19.92,教你一秒变厨神，做个有范儿的吃货！
酷狗唱唱,https://www.wandoujia.com/apps/com.kugou.android.ktvapp,43.9万,64.87,酷狗出品全民K歌
超级彩票助手,https://www.wandoujia.com/apps/com.suma.cst,26.7万,7.41,彩票分析工具软件
GPS工具箱,https://www.wandoujia.com/apps/com.leduoworks.gpstoolbox,284.2万,9.11,便捷的gps精准采点和线路追踪测量工具
百度刷机,https://www.wandoujia.com/apps/com.baidu.rom.flash,547.5万,2.32,无需连接电脑，掌上体验一键刷机
库乐队,https://www.wandoujia.com/apps/com.pfsegef.greherh,8.2万,8.97,一个应用，玩转吉他。库乐队是简单、快速和准确的吉他调音应用，标准调整，现在还包括调音套件（包括降D、
无他相机,https://www.wandoujia.com/apps/com.benqu.wuta,970.9万,38.07,拍照不P，实时美颜相机
NGA玩家社区,https://www.wandoujia.com/apps/gov.pianzong.androidnga,249.1万,17.01,艾泽拉斯国家地理论坛的官方APP
老黄历,https://www.wandoujia.com/apps/com.veryapps.chinacalendar,176.4万,22.65,日历黄历天气万年历择日旅游结婚，生活好帮手！
乐动力,https://www.wandoujia.com/apps/cn.ledongli.ldl,1560.4万,59.05,全天候自动记录用户运动行为！
看多多,https://www.wandoujia.com/apps/com.baidu.searchbox.mission,31万,12.93,看得多，赚得多
折800,https://www.wandoujia.com/apps/com.tuan800.tao800,2453.3万,26.31,新人送50元礼包
软件商店,https://www.wandoujia.com/apps/com.sino.app.advancedA46944,38.1万,6.91,软件商店APP手机软件是北京信诺通联科技有限公司为客户开发的一款手机端应用软件，它为客户提供了新闻资
斐讯路由,https://www.wandoujia.com/apps/com.phicomm.cloud.soho.router,454.9万,59.11,随心所欲来管理
中央天气预报,https://www.wandoujia.com/apps/com.nineton.weatherforecast,358.8万,23.73,最好用的天气预报，足不出户，感受万变天气！
百度听书听小说,https://www.wandoujia.com/apps/com.baidu.aiting,24.8万,17.66,畅听海量有声音频
95乐播,https://www.wandoujia.com/apps/com.gzlok.papa.show,552.9万,14.93,妹子扎推的直播
应用隐藏助手,https://www.wandoujia.com/apps/com.thinkyeah.apphider,180.2万,3.35,隐藏您不想被别人看见的任何应用程序！
视频监控专家,https://www.wandoujia.com/apps/com.MEyeProv3,194万,10.22,手机监控软件，支持多种类型设备
抠图神手,https://www.wandoujia.com/apps/com.skp.adf.photopunch,237.8万,9.63,快速抠出你想要的部分，合成有趣图片
平安口袋银行,https://www.wandoujia.com/apps/com.pingan.paces.ccms,585.5万,70.9,您的综合金融管家
瑞金红都云,https://www.wandoujia.com/apps/com.jx.hdrj,4815,4.22,红都瑞金是一个融合了报纸、网站、微博、微信、APP等为一体的立体多元传播APP，它把传统媒体的原创性
薄荷好借,https://www.wandoujia.com/apps/com.mintq.bhfq,767.2万,14.24,2分钟放款
嗨秀秀场,https://www.wandoujia.com/apps/com.haixiu.ui,994.6万,19.98,你敢看，我敢播
指纹电池充电器,https://www.wandoujia.com/apps/com.wzntpxqhi.czmufb.yabb.ujxmrht.rbskexc.jkzn,242.6万,3.56,电量不足？！用指纹就能充电。
马卡龙玩图,https://www.wandoujia.com/apps/com.versa,75.3万,47.28,AI界的灵魂画手
赚生活,https://www.wandoujia.com/apps/com.fqapp.zsh,21.7万,11.08,赚生活天天双11
搜狐视频,https://www.wandoujia.com/apps/com.sohu.sohuvideo,2.1亿,44.99,全网聚合影视资源，720P画质超清体验
Via,https://www.wandoujia.com/apps/mark.via,267.4万,487K,史上最简洁小巧的浏览器
奇妙逻辑冒险,https://www.wandoujia.com/apps/com.sinyee.babybus.adventure,128万,60.11,测试逻辑思维能力
太平洋寿险,https://www.wandoujia.com/apps/com.cpic.sxbxxe,381.5万,104.81,专业高效便捷贴心
有缘网,https://www.wandoujia.com/apps/com.youyuan.yyhl,2270.7万,16.49,快速帮你实现相亲、约会、谈恋爱
信用管家借钱,https://www.wandoujia.com/apps/com.greate.myapplication,346.6万,25.02,信用办卡借钱贷款
钢琴教练,https://www.wandoujia.com/apps/com.meet.pianolearn,111.1万,43.94,你的随身钢琴老师
宝宝甜品店,https://www.wandoujia.com/apps/com.sinyee.babybus.drinks,588.7万,62.09,模拟制作甜品
米侠浏览器,https://www.wandoujia.com/apps/mixiaba.com.Browser,57.4万,1.8,小体积 大容量
奇妙咖啡餐厅,https://www.wandoujia.com/apps/com.sinyee.babybus.coffee,132.5万,60.23,开开心心当店长
小学英语伴读人教版,https://www.wandoujia.com/apps/com.pengpengcj.cjypep,30.7万,117.97,小学英语配套工具
蝌蚪窝直播,https://www.wandoujia.com/apps/qsbk.app.remix.kdw,70.8万,50.8,释放小蝌蚪的直播
姓名配对打分测试缘分,https://www.wandoujia.com/apps/com.peidui.jiangxiaodong,80.5万,4.76,本应用特色 1.姓名配对规则，在线查询你和ta的缘分 2.常用的星座配对，几个朋友坐在一起娱乐一下
最美自拍,https://www.wandoujia.com/apps/us.pinguo.selfie,359.6万,21.4,美颜滤镜自拍神器
班级优化大师,https://www.wandoujia.com/apps/com.seewo.easicare.pro,67.4万,22.27,班级管理
借点钱贷款,https://www.wandoujia.com/apps/com.wdzj.borrowmoney,1698.3万,11.73,手机贷款借钱神器
咪咕音乐,https://www.wandoujia.com/apps/cmccwm.mobilemusic,3046.7万,90.97,好音乐零距离，咪咕音乐最好用！
YY,https://www.wandoujia.com/apps/com.duowan.mobile,1.5亿,60.04,小鲜肉主播在线陪玩，万人直播间一起嗨
智远一户通,https://www.wandoujia.com/apps/com.cmschina.stock,88.1万,57.88,炒股开户理财
万能wifi密码查看器,https://www.wandoujia.com/apps/main.anzh01w,26.7万,1.76,查看wifi密码
黑马计划,https://www.wandoujia.com/apps/com.cutt.zhiyue.android.app673736,8.4万,8.51,让天下学生都不缺钱
瓦力抢红包,https://www.wandoujia.com/apps/com.ivali.qhbao,1364.1万,9.56,专业抢红包神器
学习帮,https://www.wandoujia.com/apps/com.tupo.studygroup,80.5万,5.33,寒假特别版: 寒假作业消消乐～ 深受学生热爱的学习搜索平台，打造你每天必备的手机学习助手！ 你想要的
夜见,https://www.wandoujia.com/apps/com.gagakj.nightlive,5.9万,65.99,打开夜店新视界
微微儿,https://www.wandoujia.com/apps/com.lisaview.wewer,35.6万,5.81,您的微商神器
Zoom,https://www.wandoujia.com/apps/us.zoom.videomeetings,33.5万,40.37,Zoom是一家国际知名的云视频会议企业。我们把基于移动平台的协作，基于云的视频会议，以及网络会议统一
小蚁摄像机,https://www.wandoujia.com/apps/com.ants360.yicamera,177.6万,46.33,你的家就在手机上
简爱,https://www.wandoujia.com/apps/com.jiduo.jianai360,44万,13.57,简爱 约你所爱
Foodie,https://www.wandoujia.com/apps/com.linecorp.foodcamcn.android,12.2万,39.6,好吃好玩又好看的相机
掌上飞车,https://www.wandoujia.com/apps/com.tencent.gamehelper.speed,299.9万,35.45,视频直播聊天，飞车官方应用
LINE@App (LINEat),https://www.wandoujia.com/apps/com.linecorp.lineat.android,10.8万,21.02,◆LINE@- 通过企业账户，以消息广播、一对一聊天和动态消息消息的形式与客户沟通。 - 任何 LI
王者助手控,https://www.wandoujia.com/apps/com.mandi.pvp.help,20.7万,13.65,王者秘籍一手掌控
Microsoft Edge,https://www.wandoujia.com/apps/com.microsoft.emmx,26.1万,69.92,Edge登陆安卓
WiFi防蹭网大师,https://www.wandoujia.com/apps/com.fcwds.wifiprotect,186.8万,4.01,测速WiFi密码
手机电视高清直播,https://www.wandoujia.com/apps/com.sjdsgqzb.zhenniubi,27.7万,21.04,手机电视高清直播
Uber优步,https://www.wandoujia.com/apps/com.didi.echo,199.1万,14.7,一键叫车高效出行
天翼云盘,https://www.wandoujia.com/apps/com.cn21.ecloud,224.1万,59.18,2亿人都喜爱的移动网盘APP
手机铃声多多,https://www.wandoujia.com/apps/com.bz.ringduoduo,27万,4.68,【小编推荐：手机铃声多多】 1.手机铃声多多强大的云服务器收集了全面时尚的手机铃声 2.手机铃声多多
四川移动和生活,https://www.wandoujia.com/apps/com.sichuan.iwant,172.7万,44.18,您身边的流量银行
DNF掌游宝,https://www.wandoujia.com/apps/com.anzogame.game,1124.2万,98.82,DNF资讯、视频、攻略一手轻松掌握
美团跑腿,https://www.wandoujia.com/apps/com.meituan.banma.errand,13.5万,22.42,全城配送1小时达
蜻蜓FM,https://www.wandoujia.com/apps/fm.qingting.qtradio,1亿,24.29,更多的世界用听的
美女连连看,https://www.wandoujia.com/apps/tupian.com,15.9万,9.38,美女连连看[1.0] 养眼美女，宅男必备 建议WIFE环境下下载，全部内置图片，瞬间打开 你的支持是
征信查询,https://www.wandoujia.com/apps/com.huishuaka.zhengxin2,85.8万,22.12,精准快捷信用查询
VPAN2,https://www.wandoujia.com/apps/cn.fdstech.vdisk,6万,18.9,在上一代VPAN基础功能之上，为了满足娱乐咖随时随地追影观剧的需求，我们找来了迅雷远程下载功能的授权
52酷播,https://www.wandoujia.com/apps/com.uwan.videofa.awelow,16.3万,5.34,海量首映视频抢先看！52酷播是一款小巧简约的手机浏览器，随时随地在线浏览自己感兴趣的资讯信息，飞速切
鑫联盟,https://www.wandoujia.com/apps/com.suixingpay.tssapp,34.4万,44.84,移动创业平台
先花一亿元,https://www.wandoujia.com/apps/com.xianhuahua.yiyiyuan_1,296万,26.99,都来先花花一起有钱花
画板,https://www.wandoujia.com/apps/com.polaris.drawboard,15.8万,725K,精致又小巧的画板
一喂顺风车,https://www.wandoujia.com/apps/com.sxm.yiwei,26.3万,35.6,更安全，更好用
录音机,https://www.wandoujia.com/apps/com.xuecs.AudioRecorder,108.7万,842K,这是一个简单易用的录音机程序： - 没有录音长度限制，保存的录音文件在SD卡AudioRecorde
屏幕点击助手,https://www.wandoujia.com/apps/com.my.xihuan22dpowerfulgamehelp,19.8万,9.24,按键精灵类软件
买单吧,https://www.wandoujia.com/apps/com.bankcomm.maidanba,2348.7万,79.13,办卡账单分期支付
成语消消消,https://www.wandoujia.com/apps/com.bruce.idiomxxl,376.9万,26.01,将成语按顺序找出
阳光出行-车主端,https://www.wandoujia.com/apps/com.jryg.driver,9.5万,42.94,司机端抢单App
咪咕直播,https://www.wandoujia.com/apps/com.cmcc.migutvtwo,1245.2万,83.28,500路免费直播
神秘逃亡,https://www.wandoujia.com/apps/com.cloudfox.project.browser_electric.smtw,15.6万,6.19,"这是最大的导购犬软件，致力于打造箱包快速时尚新模式,为中国的消费者提供高性价比的多品牌时尚包包产品。"
爱趣游戏宝盒,https://www.wandoujia.com/apps/com.aiqu.market,24.4万,1.39,爱趣游戏宝盒安卓版是一款功能强大的游戏下载软件，每天里面都会更新大量破解游戏。您可以通过它随时随地下
2345浏览器,https://www.wandoujia.com/apps/com.browsermini,15.6万,5.78,"""2345倾力推出的一款超轻量级浏览器，为手机内存不足1G的用户量身定制！安装包仅5.8M，内存占用"
成语猜猜猜,https://www.wandoujia.com/apps/com.bruce.idiom,136.2万,44.96,多重方式学成语
寺库奢侈品,https://www.wandoujia.com/apps/com.secoo,223.2万,28.3,奢侈品放心购平台
红山通,https://www.wandoujia.com/apps/com.zhiye.cardpass,10.3万,27.7,市民卡线上业务
还呗,https://www.wandoujia.com/apps/com.shuhekeji,833.9万,38.6,信用卡还款软件
酷漫漫画,https://www.wandoujia.com/apps/com.kuman.comic,242.7万,12.29,追漫神器
百度通地图定位,https://www.wandoujia.com/apps/com.xyf.getlocation,44万,2.66,定位地图精确定位
买车宝典,https://www.wandoujia.com/apps/com.baojiazhijia.qichebaojia,3619.8万,35.14,买车宝典报价大全
石墨文档,https://www.wandoujia.com/apps/chuxin.shimo.shimowendang,31.1万,43.28,多人协作，实时保存
榕树贷款,https://www.wandoujia.com/apps/com.shuqu.banyan,66.2万,9.08,急用钱找榕树
作文帮,https://www.wandoujia.com/apps/com.example.zhou.iwrite,9万,6.36,有搜必应海量素材
Office Mobile,https://www.wandoujia.com/apps/com.microsoft.office.officehub,125.3万,84.57,微软办公软件
智友,https://www.wandoujia.com/apps/com.zhiyoo,181.7万,15.04,全新的玩机交流平台
gDMSS Lite,https://www.wandoujia.com/apps/com.mm.android.direct.gdmssphoneLite,261万,25.67,支持远程实时监看，实时回放
酷划锁屏,https://www.wandoujia.com/apps/com.coohuaclient,2766.7万,13.37,每天解锁50次，一年白赚上千块
LINE Camera,https://www.wandoujia.com/apps/jp.naver.linecamera.android,467万,44.38,精确调校，独特滤镜，让照片看起来更具魅力
百思不得姐,https://www.wandoujia.com/apps/com.budejie.www,1515.9万,11.38,国内最火的搞笑娱乐社区，爽到不行！
简影,https://www.wandoujia.com/apps/com.android.jianying,80.7万,21.7,朋友圈短视频制作
美图文字秀秀,https://www.wandoujia.com/apps/com.yilesoft.app.beautifulimageshow,32万,61.83,超简单图片加文字
江苏快3,https://www.wandoujia.com/apps/com.tianxin.android.jsk3,68.8万,6.54,结果直播交流平台
桔子浏览器,https://www.wandoujia.com/apps/com.juzi.browser,28.2万,2.51,桔子浏览器，让上网更快更简单！
熊猫贷款,https://www.wandoujia.com/apps/com.mg.pandaloan,47.4万,5.19,一站式贷款服务
北京赛车PK10选号计划,https://www.wandoujia.com/apps/com.super.boaisuncommon,11.4万,9.27,PK10选号计划
233网校,https://www.wandoujia.com/apps/com.example.examda,83.2万,61.15,百万考生备考神器
松果出行,https://www.wandoujia.com/apps/com.ttyongche.ttpinecone,14万,20.56,随时随地有车可用
新浪博客,https://www.wandoujia.com/apps/com.sina.sinablog,119.5万,24.68,阅读有故事的人
美团开店宝,https://www.wandoujia.com/apps/com.sankuai.meituan.merchant,539.5万,39.93,方便美团合作商家随时随地高效办公~
小米贷款,https://www.wandoujia.com/apps/com.xiaomi.loan,306.5万,19.89,新用户享利息折扣
谷歌日文输入法,https://www.wandoujia.com/apps/com.google.android.inputmethod.japanese,122.8万,12.95,《谷歌日文输入法（Google Japanese Input）》谷歌日语输入法，为Android设备
照片编辑器,https://www.wandoujia.com/apps/com.iudesk.android.photo.editor,80.5万,5.95,"Photo Editor是一款简单易用的照片处理应用程序. 调整照片的颜色,旋转、裁剪、调整大小、添"
DingDong智能音箱,https://www.wandoujia.com/apps/com.linglong.android,41.8万,37.79,DingDong智能音箱是一款集智能语音交互、云曲库和助手服务于一体的WIFI音箱: 1、独创麦克风
宝宝调色屋,https://www.wandoujia.com/apps/com.sinyee.babybus.magichouse,207.4万,43.11,混搭颜料hold
万能魔法变声器,https://www.wandoujia.com/apps/com.sevenonenine.voicechange,39.6万,5.58,万能吃鸡变声
宝宝爱整理,https://www.wandoujia.com/apps/com.sinyee.babybus.organized,434.3万,72.64,宝宝早教系列，培养他们的好习惯
WiFi密码显示器,https://www.wandoujia.com/apps/com.tjf.wifiscanner.v1,176万,1.29,WiFi显示器查看WiFi密码的好帮手
一键锁屏,https://www.wandoujia.com/apps/com.iodkols.onekeylockscreen,103.8万,2.52,一键锁屏安全实用
照顾小宝宝,https://www.wandoujia.com/apps/com.sinyee.babybus.care,140万,55.75,体验照顾宝宝的乐
万能遥控器,https://www.wandoujia.com/apps/incendo.vectir.androidclient,86.5万,2.18,这是一款*遥控器。功能齐全的遥控器都包括iTunes，Winamp的，Windows媒体播放器(WM
宝宝森林美食,https://www.wandoujia.com/apps/com.sinyee.babybus.grove,96.2万,49.43,森林里的美食对决
高德导航-intel定制版,https://www.wandoujia.com/apps/com.autonavi.xmgd.navigator.tob,120.5万,14.86,intel定制版本
讨厌作业,https://www.wandoujia.com/apps/com.taoyanzuoye.homework,24.6万,9.09,作业帮你搞定
计算器,https://www.wandoujia.com/apps/com.youba.calculate,285.5万,1.45,极简风格的计算器
探约探爱-同城交友约会,https://www.wandoujia.com/apps/com.jieyuanppp.tanyuetanaixy,47.7万,18.8,秒约附近单身美女
天天游戏中心,https://www.wandoujia.com/apps/cn.lt.game,56.9万,5.88,天天游戏中心是由前安智创始人全新打造的安卓手游下载神器。超过20000款精品游戏极速下载，提供绿色无
PE我的世界盒子,https://www.wandoujia.com/apps/net.ingx.mcbox,52.5万,6.41,MC 我的世界功能强大编辑器
六只脚户外线路,https://www.wandoujia.com/apps/com.topgether.sixfoot,45.6万,40.54,旅行户外轨迹规划
米赚头条,https://www.wandoujia.com/apps/me.toutiaoapp,42.1万,10.04,看新闻，赢现金
天天应用市场,https://www.wandoujia.com/apps/cn.lt.appstore,17.1万,6.34,力天应用市场
弹钢琴,https://www.wandoujia.com/apps/com.play.piano.likestudy,17万,6.4,手机上弹钢琴
宝宝地震安全,https://www.wandoujia.com/apps/com.sinyee.babybus.earthquake,138.6万,54.48,学习地震安全知识
借花花贷款,https://www.wandoujia.com/apps/com.jhh,100万,11.72,借花花随时有钱花
游民星空,https://www.wandoujia.com/apps/com.gamersky,186.8万,15.8,游民星空3
借钱花呗,https://www.wandoujia.com/apps/com.rybring.huabei,744.3万,12.84,通过率高达90%
66键盘,https://www.wandoujia.com/apps/io.liuliu.game,128万,34.71,年轻人潮流输入法
拳皇2003,https://www.wandoujia.com/apps/com.clemu.kof2003,29.3万,99.13,"兼容机型：本游戏只支持双核以上cpu,单核cpu可能不能运行或者运行不流畅.经典的格斗游戏.全世界最"
TFBOYS主题动态锁屏,https://www.wandoujia.com/apps/com.erpy.filemanager.actsmy,16.2万,7.68,TFboys的粉丝叫四叶草，无论您是不是他们的粉丝，都来支持这款四叶草们的锁屏吧。 可以DIY制作锁
修复Android系统的信息,https://www.wandoujia.com/apps/com.apps.repairandroidsysteminnfo,17.3万,5.76,修复Android系统的基本系统信息的信息为您的Android平台，包括信息CPU，内存，SD卡，正
春城e路通,https://www.wandoujia.com/apps/com.kmbus.ccelt,23.4万,26.46,春城e路通
中国石化,https://www.wandoujia.com/apps/com.hanweb.android.base.zgsh.activity,38.6万,10.28,中国石化微门户，能够及时发布中国石化的最新信息，支持个性化订阅、全文检索功能，为公众提供更快捷的服务
花生快讯,https://www.wandoujia.com/apps/com.shiqu.huasheng,7155,13.61,资讯头条应有尽有
女仆陪你聊,https://www.wandoujia.com/apps/com.sunwei.nvpu,10.3万,3.89,这是一款简单的与机器人女仆聊天的软件，可以陪你说话，心情不好还可以说笑话给你听，逗你开心。还可以查看
非小号,https://www.wandoujia.com/apps/com.feixiaohao,8.7万,9.62,虚拟币行情大数据
易中彩票,https://www.wandoujia.com/apps/com.bcreat.yzcp,3.7万,6.78,彩票资讯软件
约宝宝,https://www.wandoujia.com/apps/com.ourydc.yuebaobao,29.7万,58.24,语音聊天交友社区
度小满理财,https://www.wandoujia.com/apps/com.baidu.finance,277.1万,21.1,随时随地，方便快捷实现财富增值！
番茄社区,https://www.wandoujia.com/apps/com.ishow.dfqsq69,23.1万,662K,番茄社区
房贷计算器专业版,https://www.wandoujia.com/apps/com.huishuaka.fangdaipro,112.9万,19.48,最新央行官方利率
IP精灵,https://www.wandoujia.com/apps/com.chuangdian.ipjl2,6万,11.28,动态换IP软件
快8实拍,https://www.wandoujia.com/apps/com.yixia.quick8,9420,13.69,发现身边新鲜事
江西银行,https://www.wandoujia.com/apps/com.csii.ncbank.ui,21万,31.8,江西银行个人手机银行是专门为智能手机和移动终端客户量身打造的移动金融服务平台，为您提供丰富实用的金融
GMS 2.0,https://www.wandoujia.com/apps/com.mobility.gms,4.8万,911K,"Mobil Kapı Ynetim Sistemi GMS,isvts,mobility,Kapı"
伪装定位,https://www.wandoujia.com/apps/com.dingweizshou,19.2万,4.86,伪装位置 定位
易视云,https://www.wandoujia.com/apps/com.juanvision.EseeNetProj,74万,31.01,易视云
天地人天九,https://www.wandoujia.com/apps/com.gametoo.h9,12.7万,6.28,天九是中国国粹之一，相传国父孙中山亦爱好天九。直至二十世纪八十年代，天九仍在中国南方流行，常常出现于
咪咕善跑,https://www.wandoujia.com/apps/com.imohoo.shanpao,109.4万,62.97,懂运动，更懂你！
即付宝,https://www.wandoujia.com/apps/com.epay.impay.ui.jfpal,281.6万,36.23,即付宝是即付宝手机刷卡器的客户端，是一款集手机支付和生活应用为一体的软件。通过加密传输和手机认证等安
闲聊,https://www.wandoujia.com/apps/com.xkdandroid.p007m5,370.4万,44.42,一对一情趣交友
19课堂,https://www.wandoujia.com/apps/com.offcn.zhibo,10.8万人下载 ・,10.8万人下载 ・,中公在线教育平台
轻风种子搜索,https://www.wandoujia.com/apps/com.txbnx.p2psearcher,10.1万,2.16,毫秒级的速度搜索网络中的各种资源信息，各种搜索各种快，各种资源各种全。对于视频资源可以一键调用迅雷云
漂流瓶,https://www.wandoujia.com/apps/com.yilahuo.driftbottle,180.7万,35.97,陌生人匿名聊天
X分身,https://www.wandoujia.com/apps/com.godinsec.godinsec_private_space,115.5万,18.52,微信双开兼隐藏
宝宝隐私安全,https://www.wandoujia.com/apps/com.sinyee.babybus.privacy,22.7万,48.85,儿童防性侵指南
拼图酱,https://www.wandoujia.com/apps/us.pinguo.april_collage,109.8万,22.01,治愈系修图软件
我的世界双层皮肤3D,https://www.wandoujia.com/apps/com.wfhappyi.doubleskin3d,86.5万,13.76,3D人物制作
铃声之家,https://www.wandoujia.com/apps/com.cnwav.client,221.6万,2.62,每天一首新铃声
拳皇98(绿色版),https://www.wandoujia.com/apps/com.clemu.kof98cla,26.9万,47.14,拳皇98，是80后孩子最喜欢的街机格斗游戏之一，在世界上非常受欢迎，相比拳皇前三个版本各方面均有较大
宝宝地震安全2,https://www.wandoujia.com/apps/com.sinyee.babybus.earthquakeII,48.2万,50.58,学习应急避难知识
时光手帐Pro,https://www.wandoujia.com/apps/com.brt.mate,22万,22.92,时光值得珍藏
苏州公积金,https://www.wandoujia.com/apps/com.hxyd.szgjj,14.7万,16.41,公积金，惠万家
离异圈,https://www.wandoujia.com/apps/com.hh85.liyiquan,20.3万,19.66,离异人士免费的征婚交友平台
荳莹直播,https://www.wandoujia.com/apps/com.sutond.app.beautyshow.maiyu,113.9万,14.97,颜值领衔的秀场
健客网上药店,https://www.wandoujia.com/apps/com.jiankecom.jiankemall,120.4万,24.13,买药购药首选！
GPS手机定位,https://www.wandoujia.com/apps/com.ztsoft.gpsposition,70.3万,5.13,快速定位专家
测量工具,https://www.wandoujia.com/apps/com.q9tech.measureTools,16.2万,3.23,测量工具可以计算出距离、高度、宽度、面积和高度的遥远的对象的值陀螺仪和相机。它还提供了一种卧式计为参
3D宝软桌面,https://www.wandoujia.com/apps/com.baoruan.launcher2,1455.9万,10.8,时尚、炫酷的3D桌面，占用内存小
图片编辑工具,https://www.wandoujia.com/apps/com.honeymoon.stone.jean.poweredit,102.4万,1.81,想给你的照片增加饰物吗？想不用纸笔就可以画草图讨论问题吗？来下载吧！ 基本功能： 1.给图片添加文字
动态壁纸大全,https://www.wandoujia.com/apps/com.ms.dtbzdq,4.9万,15.09,动态高清壁纸锁屏
Facetune,https://www.wandoujia.com/apps/com.lightricks.facetune,226万,44.87,功能牛逼的自拍编辑神器
名人,https://www.wandoujia.com/apps/com.sencent.mm,90.4万,33.29,赋予角色灵魂
惠锁屏,https://www.wandoujia.com/apps/com.huaqian,3503.5万,18.81,中国首款会赚钱的锁屏软件
3733游戏盒,https://www.wandoujia.com/apps/com.a3733.gamebox,685.4万,7.51,海量BT游戏大全
中国国航,https://www.wandoujia.com/apps/com.rytong.airchina,150万,38.63,中国唯一载旗航空
伴伴,https://www.wandoujia.com/apps/com.imbb.banban.android,25.4万,29.22,语音交友真实恋爱
51人品贷,https://www.wandoujia.com/apps/com.enniu.renpindai,384.8万,26.69,凭信用卡借二十万
美甲帮,https://www.wandoujia.com/apps/com.meijialove.activity,287.9万,56.17,百万美甲师都爱用
旺彩,https://www.wandoujia.com/apps/com.mango.wangcai,6.1万,7.66,旺彩彩票第一品牌
贵觅,https://www.wandoujia.com/apps/com.dingceng.guimi,9.9万人下载 ・,9.9万人下载 ・,不瞎聊，直接约玩
优惠券,https://www.wandoujia.com/apps/com.shengqianyouhuiquan,8.5万,18.84,拼多多内部优惠券
画图板,https://www.wandoujia.com/apps/com.kk.xx.paint,12.7万,2.47,画图板是一款简单的画图及涂鸦工具，可以选择颜色，画笔大小，可以将作品保存成图片，也可以画图后利用QQ
百度百科,https://www.wandoujia.com/apps/com.baidu.baike,103.2万,43.09,最大中文百科全书
北京工商登记,https://www.wandoujia.com/apps/org.baic.register,11.7万,23.31,北京工商登记
物理画线,https://www.wandoujia.com/apps/com.tinyame.drawphsiclne,28.2万,14.81,模拟真实物理环境
摩托越野赛,https://www.wandoujia.com/apps/com.yutepagossoft.triawqjyymts,2.7万,15.25,一款从iOS平台上移植过来的3D摩托车游戏， 在这款超酷的摩托车游戏中，你将会表演各种摩托车特技表演
寂寞陌生交友聊天平台,https://www.wandoujia.com/apps/com.callme.jm,67.1万,22.98,寂寞陌生交友
百度视频HD,https://www.wandoujia.com/apps/com.baidu.video.pad,37.4万,48.08,海量影视一网打尽
红人装,https://www.wandoujia.com/apps/com.mujirenben.liangchenbufu,20.1万,57.5,购物省钱分享赚钱
神指计算器,https://www.wandoujia.com/apps/com.tqkj.calculator,58.9万,9.58,多功能计算器！
DD373游戏交易平台,https://www.wandoujia.com/apps/com.dd373.app,26.4万,2.45,DD373游戏交易平台为全球华人游戏玩家提供游戏币|点卡|元宝|装备|帐号|代练等交易服务，寄售、担
闪电周转,https://www.wandoujia.com/apps/com.qiantu.cashturnover,67.2万,13.43,您的随身借款钱包
五年级下册语文助手,https://www.wandoujia.com/apps/org.cocos2dx.zhushouYuwen5010,2.9万,57.45,五年级下语文助手
智通人才网,https://www.wandoujia.com/apps/net.unitepower.zhitong,38万,18.29,靠谱的人才求职网
信用白条贷款,https://www.wandoujia.com/apps/com.zlkj.xinyongbaitiao,2.9万,13.44,信用白条真的好
豆瓣,https://www.wandoujia.com/apps/com.douban.frodo,1574.4万,33.81,品味图书、电影、音乐和生活
小蓝点按键精灵,https://www.wandoujia.com/apps/com.xld.share,7.9万,1.73,手机按键精灵，代替双手执行一系列的触摸操作
建行善融商城,https://www.wandoujia.com/apps/com.ccb.shop.view,79.9万,13.76,建行善融商城具有浏览及搜索商品、加入购物车、下单、支付、查询物流、确认收货、管理订单等功能，实现全流
聊聊,https://www.wandoujia.com/apps/com.liaoliao.android,84.6万,20.44,很有意思的视频聊天直播间！
鸟叫声大全,https://www.wandoujia.com/apps/top.slantech.voicebirds,8.5万,16.99,领略鸟的悦耳之声
易车,https://www.wandoujia.com/apps/com.yiche.autoeasy,694.4万,76.8,上易车，买车能便宜，天天送油卡
鱼化湖畔,https://www.wandoujia.com/apps/com.cidtech.xianwaishi,465,26.91,一站式校友助手
蘑菇街,https://www.wandoujia.com/apps/com.mogujie,4070.6万,44.07,时尚买手第一街，挑款砍价永远美美的
时物家居,https://www.wandoujia.com/apps/com.erazar.sigoods,1305,19.8,让生活更简单
惠头条,https://www.wandoujia.com/apps/com.cashtoutiao,395.7万,23.95,会赚钱的头条
希望课堂,https://www.wandoujia.com/apps/com.key4math.ionicapp,3270,20.35,学奥数上希望课堂
蜜桃夜聊,https://www.wandoujia.com/apps/com.jdd.xl,48.1万,11.83,同城约会交友软件
一点分期,https://www.wandoujia.com/apps/com.sogou.installmentloan,14.8万,13.75,极速审核方便快捷
搜房网,https://www.wandoujia.com/apps/com.sofang.net.buz,26.8万,42.94,租房买房上搜房-
我的选号工具,https://www.wandoujia.com/apps/com.mycompany.t2,5万,972K,工具采用算法生成号码，可以说质量是市场最精锐的，任何本类软件都比不上它，当然这说的是准的问题，不信，
科目三路考学习,https://www.wandoujia.com/apps/com.zhuawa.kemusan,31.3万,11.22,手机也能练习路考
课程格子,https://www.wandoujia.com/apps/fm.jihua.kecheng,357.7万,12.38,开学必备课程表，全国大学生都在用
小奕语音助手,https://www.wandoujia.com/apps/com.yideng168.smartvoice,6.5万,33.79,一款智能语音助手
魔幻粒子,https://www.wandoujia.com/apps/com.playkp.particles,298.4万,10.12,奥秘魔术艺术合体
GPS测试仪 GPS TEST,https://www.wandoujia.com/apps/com.chartcross.gpstest,333.1万,1.97,简单易用的GPS测试仪，已汉化，功能非常强大
图吧导航,https://www.wandoujia.com/apps/com.mapbar.android.mapbarmap,937.4万,60.5,最快速精准，及时提醒电子眼的导航
亲亲小贷借款,https://www.wandoujia.com/apps/com.android.qqxd.loan,373.1万,13.05,最高2万当天到账
来电秀,https://www.wandoujia.com/apps/com.doupin.show,12.2万,16.48,个性来电视频显示
谁是卧底,https://www.wandoujia.com/apps/com.moguplan.main,31.8万,44.8,猜词游戏你画我猜
QQ头像,https://www.wandoujia.com/apps/gaode.toutou.xiangha,8.1万,5.95,分类齐全的头像
排列五助手,https://www.wandoujia.com/apps/com.suma.pl5zs,13.9万,6.1,排列五工具软件
山东农信WAP,https://www.wandoujia.com/apps/com.csii.sdnxmobiletool,16.3万,545K,
爱卡汽车,https://www.wandoujia.com/apps/com.xcar.activity,193.7万,33.75,专业的汽车资讯评测，提供权威丰富的汽车资讯
丁香园,https://www.wandoujia.com/apps/cn.dxy.idxyer,112.2万,26.17,病例分享临床交流
万达电影,https://www.wandoujia.com/apps/com.wandafilm.app,453.5万人下载 ・,453.5万人下载 ・,万达电影集购票、娱乐、生活于一体
DAKA,https://www.wandoujia.com/apps/com.daka.app,20.3万,8.29,每日“打卡”，练地道英语口语
网易BUFF饰品交易平台,https://www.wandoujia.com/apps/com.netease.buff,11.3万,9.51,网易饰品交易平台
艺术签名,https://www.wandoujia.com/apps/com.starsun.qianming,40.7万,14.75,明星般的个性签名
陌陌约会,https://www.wandoujia.com/apps/com.leeboo.mmyue,8.9万,34.17,视频聊天交友软件
新游电竞游戏助手,https://www.wandoujia.com/apps/com.newgame.padtool,36万,1.81,新游手柄助手，您的手柄辅助神器！随时随地，战个痛快！ 新游手柄助手是新游互联为专业玩家打造的一款免r
DJ音乐盒,https://www.wandoujia.com/apps/com.djbox.product,206.3万,13.07,强大的手机音乐软件，轻轻一点，舞动起来
E英语宝,https://www.wandoujia.com/apps/com.dinoenglish.yyb,15.3万,49,英语学习好帮手！
创意指纹解锁锁屏,https://www.wandoujia.com/apps/com.yy.only.safe2,138.9万,2.49,一款高逼格的指纹锁屏
FM收音机广播,https://www.wandoujia.com/apps/cn.fmsyjhgb,9.4万,9,FM收音机，是一款在手机上免费收听全国中文电台的工具。 FM收音机包含有最全面的国家电台： CNR中
KazakhshaKirgizwshi哈萨克语输入法,https://www.wandoujia.com/apps/com.ziipin.softkeyboard.kazakh,90万,48.36,让你精准触摸输入哈萨克语
体育彩票,https://www.wandoujia.com/apps/com.caiyi.lottery.tiyu,149.4万,12.82,3亿彩民首选平台
7k7k游戏盒子,https://www.wandoujia.com/apps/info.zshockdaku.zppjervvy,29.7万,317K,7k7k游戏盒
贝瓦儿歌-动画故事,https://www.wandoujia.com/apps/com.slanissue.apps.mobile.erge,1454.8万,28.05,儿歌动画应有尽有
刷宝,https://www.wandoujia.com/apps/com.shuabao.android.shuabao,6.9万,1.91,刷宝是一款安全的手机刷卡支付产品，由刷宝刷卡器和手机APP软件两部分构成用户可通过手机刷卡器和刷宝A
腾讯自选股,https://www.wandoujia.com/apps/com.tencent.portfolio,449.9万,53.1,腾讯出品，简单专业的手机炒股软件
山西农信,https://www.wandoujia.com/apps/com.nxy.mobilebank.shanxi,50.5万,50.06,手机银行全新升级
搜狗输入法 PAD版,https://www.wandoujia.com/apps/com.sohu.inputmethod.sogoupad,260.1万,6.74,搜狗率先推出首款完美支持 Android 3.0 平板专用版中文输入法。继保持在 Symbian、W
手机数据恢复大师,https://www.wandoujia.com/apps/cn.hd.mobilerecover,40.2万,15.03,快速恢复手机数据
猎游-陪玩语音聊天,https://www.wandoujia.com/apps/com.feiteng.lieyou,24.8万,65.53,游戏陪玩语音聊天
手机数据恢复精灵,https://www.wandoujia.com/apps/cn.hundun.datarecovery,495.7万,11.57,安卓数据恢复大师
彩票-掌上中彩,https://www.wandoujia.com/apps/com.zszc.sls_app.activity,30万,8.67,轻松中奖赢万元！
初中英语宝,https://www.wandoujia.com/apps/com.cwwangzk.junirenlish,25.5万,12.87,初中英语同步辅导
人体解剖学图谱,https://www.wandoujia.com/apps/com.MagicBody.HumanAnatomyAtlasFree,74.5万,259.7,从任意角度观察人体的构造
网易将军令,https://www.wandoujia.com/apps/com.netease.mkey,796.8万,13.15,网易动态密码，给你账号保驾护航
如意宝免费电话,https://www.wandoujia.com/apps/com.savecall.ui,175.4万,11.28,下载即送免费通话，国内电话任打，真免费！
约彩365,https://www.wandoujia.com/apps/com.youle.yuecai365quick,8.2万,22.67,手机买彩票新模式。安全、可靠！
考试资料网,https://www.wandoujia.com/apps/com.pptiku.kaoshitiku,6.3万,8.24,找答案刷题神器
好体知,https://www.wandoujia.com/apps/cn.com.bodivis.mybody,11.6万,44.48,监测您的脂肪肝
滴滴外卖,https://www.wandoujia.com/apps/com.xiaojukeji.didi.customer,4万,20.6,把美味送到您身边
音频剪辑,https://www.wandoujia.com/apps/com.androidemu.gbapmblack,173.3万,18.55,音频剪辑音乐制作
米兔手表,https://www.wandoujia.com/apps/com.imibaby.client,41.7万,49.59,米兔手表APP是一款针对儿童与家长设计的软硬件结合的家长端APP产品，家长通过米兔手表APP与佩戴在
07073游戏盒,https://www.wandoujia.com/apps/com.leshan.game,8.9万,1.27,放心玩 随性耍
猫小帅做蛋糕,https://www.wandoujia.com/apps/com.haizileyuan.bakecake,26.3万,73.61,3D做蛋糕小游戏
北京地铁,https://www.wandoujia.com/apps/com.subway.bjsubway,25.6万,19.77,地铁出行乘车必备
LESDO,https://www.wandoujia.com/apps/com.android.lesdo,78.4万,65.42,乐DO遇见对的
安利数码港,https://www.wandoujia.com/apps/com.amway.hub.phone,88.5万,43.61,安利数码港（大陆手机版）是安利（中国）日用品有限公司的一款针对安利产品的移动购物及业务应用，您可以随
阿里通信,https://www.wandoujia.com/apps/com.aliqin.mytel,12.4万,13.57,签到有礼100%
软件管家,https://www.wandoujia.com/apps/com.apps.manager.client,14万,1.12,该软件管家是精心打造的一款软件管理优化的软件。用户可以方便的分享App，备份软件，查找软件，启动软件
哆点,https://www.wandoujia.com/apps/com.drcom.DuoDian,47.6万,21.32,校园上网客户端
PP题库,https://www.wandoujia.com/apps/com.pptiku.alltiku,40.1万,8,找试题找答案神器
钢琴,https://www.wandoujia.com/apps/piano.piano,149.9万,4.69,一款大按键的虚拟钢琴程序。把你的手机变为一架微型的虚拟钢琴，用你的手指在上面弹出美妙的乐曲。这款弹钢
应用隐藏,https://www.wandoujia.com/apps/com.ck.hideapps,22.2万,1.65,提供专业的应用图标管理功能，可以自由的实现应用图标的显示与隐藏
开言英语,https://www.wandoujia.com/apps/com.openlanguage.kaiyan,7万,30.02,享受英语学习
查找手机,https://www.wandoujia.com/apps/com.meizu.flyme.find,135万,8.62,帮助找回手机，保护手机信息
济宁人社通,https://www.wandoujia.com/apps/com.paic.mhis.ncms.jining,13.8万,40.54,1. 人社新闻：人社类新闻。 2. 政策法规：社保相关政策法规。 3. 就业信息：查看当地招聘信息。
首汽租车,https://www.wandoujia.com/apps/com.example.rentalcarapp,12.7万,19.54,您的租车首选
EOS Remote,https://www.wandoujia.com/apps/jp.co.canon.ic.eos.eosremote,74.7万,4.36,EOS Remote is a free application for convenient re
二维码情书生成器,https://www.wandoujia.com/apps/com.basillee.loveletterqrcode,11.7万,9.62,二维码还能写情书
零零期分期,https://www.wandoujia.com/apps/com.llq.linglingqihd,109.6万,27.25,分期消费金融平台
探途离线地图,https://www.wandoujia.com/apps/com.tantu.map,8.7万,110.84,免费境外离线地图
大乐透选号大师,https://www.wandoujia.com/apps/daletou.xuanhao,4万,3.01,最专业大乐透选号工具
个性签名设计,https://www.wandoujia.com/apps/com.mike.qianming,30.3万,6.94,"软件展现了中华五千年书法艺术的魅力,并融合了各个时期的书法家的艺术风格,使每一个签名都充满了艺术表现"
全球体育,https://www.wandoujia.com/apps/cn.qqw.app,28万人下载 ・,28万人下载 ・,足球分析预测平台
CHM阅读器,https://www.wandoujia.com/apps/au.sogamida.chehalayun,17.8万,892K,一款安卓智能手机CHM阅读器 没有找到合适的CHM文档阅读工具？ 看看这款软件是否适合你？ 支持查看
甜甜语音,https://www.wandoujia.com/apps/com.tiantian.mobile,11.5万,41.7,语音速配连麦聊天
全能文件管理器,https://www.wandoujia.com/apps/com.ashadac.cccvvdsvscasca,16.7万,3.28,目前Android版本超级简单好用的文件管理工具。可以浏览内存卡和sd卡的内容，还有移动、删除、文件
iGO共享出行,https://www.wandoujia.com/apps/com.fsgx.car.android.igo,3.4万,30.73,共享汽车分时租赁
中华万年历,https://www.wandoujia.com/apps/cn.etouch.ecalendar,5121万,15.01,查农历问风水，超过2亿中国人的选择
降低亮度Pro,https://www.wandoujia.com/apps/com.mlhg.screenfilterpro,171.6万,126K,将屏幕亮度降的非常低减少眼睛疲劳， 又能省电
爱玩吉他,https://www.wandoujia.com/apps/com.buluobang.iguitar,22.1万,32.73,简单好玩的学吉他
WiFi密码助手,https://www.wandoujia.com/apps/com.morega.wifipassword,17.9万,5.96,WIFI密码管家
语音合成助手-文字转语音,https://www.wandoujia.com/apps/com.iflytts.texttospeech,19万,21.9,文字转声音配音
帮忙拼,https://www.wandoujia.com/apps/bmp.apk,7020,3.54,玩游戏不如帮忙拼
音乐剪切器,https://www.wandoujia.com/apps/com.makeringtone.mp3,109.4万,756K,一款音乐剪切器，有了它你可以将你手机上的音频文件进行剪切出你喜欢的片段，并且可以随意的设置铃声。
漫画魔屏,https://www.wandoujia.com/apps/com.MoScreen,399.4万,6.54,上万部超高清热门漫画免费等你看
赚钱宝,https://www.wandoujia.com/apps/com.zqgame.xszq,15.1万,7.33,意想不到的赚钱方式
中国银河证券,https://www.wandoujia.com/apps/cn.wz.wzgyhzq,23.4万,4.99,1.让您及时了解证券资讯 2.更新及时，数据真实可靠 3.对老百姓而言，方便地获得想要的准确、权威的
番茄社区,https://www.wandoujia.com/apps/com.xyhdbd.wsxyha,42.3万,20.12,陌生人聊天交友
天翼账号中心,https://www.wandoujia.com/apps/cn.com.chinatelecom.account,261.6万,7.73,天翼用户中心，您的随身运营商服务全能助手
图片压缩,https://www.wandoujia.com/apps/mobi.bcsi4.sbmm,9.2万,676K,图片压缩
风月,https://www.wandoujia.com/apps/cn.automi.fengyue,7万,4.68,男女之间那些事儿
贝店妈妈的轻创业平台,https://www.wandoujia.com/apps/com.husor.beidian,149.3万,32.69,贝店-我的店！带你买遍全球好货！一站式服务，让你轻松购物！ 1、全球知名投资背景：贝店是贝贝集团旗下
百宝箱,https://www.wandoujia.com/apps/com.blsm.toolbox,17.2万,6.13,一个应用，随心使用。百宝箱包括了多个生活小助手，方便实用。不仅有代表我们古老文明的指南针，更有黑土大
卡卡付收款宝,https://www.wandoujia.com/apps/com.risetek.mpos,2.9万,5.96,ZPOS闪付宝是成都卡卡付科技有限公司为小微商户及企业提供的移动收款终端设备。可以在手机、平板电脑等
易通宝,https://www.wandoujia.com/apps/com.etongbao.guolianpay,5265,38.6,易通宝专注于移动支付和金融科技服务，运用大数据、云计算、移动支付等技术，聚合无卡支付、金融服务于一体
知天气,https://www.wandoujia.com/apps/com.pcs.ztq,15.1万,14.86,深度知天气
充电加速器,https://www.wandoujia.com/apps/com.hodanet.charge,148万,7.49,极速充电！从我开始！
奥莱购,https://www.wandoujia.com/apps/com.csc.aolaigo,8.7万,23.6,奥莱购，是华盛奥特莱斯官方手机商城，是一个综合性品牌特卖购物平台。
时光树,https://www.wandoujia.com/apps/com.yey.kindergaten,15.6万,23.09,幼儿园专业APP
抓娃娃联盟,https://www.wandoujia.com/apps/cn.lyy.game,8595,11.22,在家轻松抓娃娃
草莓,https://www.wandoujia.com/apps/com.langu.strawberry,11万,22.2,你的感情指导社区
番茄社区,https://www.wandoujia.com/apps/com.ytxf.bobo.fqsq,26.2万,52.87,即时聊天随时交友
MP3 Download v4,https://www.wandoujia.com/apps/com.oagrab3.mp3downloadv4,4125,2.62,Sick and tired of looking far and wide} for downlo
360手机精灵,https://www.wandoujia.com/apps/com.qihoo360.daemon,1.2万,171K,
特运通,https://www.wandoujia.com/apps/com.google.lzl,6.2万,33.94,大板车调度中心
斑马会,https://www.wandoujia.com/apps/com.flyrise.zebraclub,1695,17.6,-----应用介绍-----☆ 斑马会是在互联网+社群的理念下诞生的，主要服务于协会、商会、校园以及
麦能网成教版,https://www.wandoujia.com/apps/com.job.cjappv2,983,3.94,在线学习辅助产品
溢米辅导,https://www.wandoujia.com/apps/com.yimifudao.student.mobile,1万,82.76,登录即送免费课程
MG,https://www.wandoujia.com/apps/com.makejiyl.zdk,7515,2.38,MG B2B app是涵盖机电企业，化工企业、辅料企业、机械设备制造企业、货运代理企业等，为机械电子
宝宝房屋设计师,https://www.wandoujia.com/apps/com.sinyee.babybus.build,660,71.47,为小企鹅建造家园
P图大神,https://www.wandoujia.com/apps/com.shenmeiguan.psmaster,126.7万,26.57,30秒p丑好友
经典国学,https://www.wandoujia.com/apps/com.playkp.guoxue,2.5万,16.25,《经典国学》涵盖了中华几千年的传统文化和学术。。。经典脍炙人口的佳句，言简意赅却意义深远。 专业的译
e椒江,https://www.wandoujia.com/apps/net.xinhuamm.ejiaojiang.activity,1.3万,13.45,“e椒江”是台州市椒江区宣传部推出的一款手机客户端应用程序。涵盖了新华社中国网事、全景椒江、枫山书院
幸运飞艇,https://www.wandoujia.com/apps/com.royaleu.xyft,61.7万,3.88,精准数据分析工具
虚拟试衣间,https://www.wandoujia.com/apps/net.yyasp.clothing,139.7万,9.32,网购衣服先试穿再购买解决服装搭配与形象设计
东方财富,https://www.wandoujia.com/apps/com.eastmoney.android.berlin,1446.4万,61.73,支持自选股中心、全面掌握的行情资讯
天天清理,https://www.wandoujia.com/apps/com.ymnet.onekeyclean,250.6万,6.24,手机清理必备神器
隆基HRSSC,https://www.wandoujia.com/apps/com.longi.hrssc,75万,12.04,员工自助移动端
军用望远镜及夜视仪,https://www.wandoujia.com/apps/com.armytelescope.activity,108.4万,6.29,把你的手机瞬间变成一款超级军用望远镜这款应用利用你手机上的镜头来模拟军用望远镜及夜视仪。这款军用望远
棉花糖直播,https://www.wandoujia.com/apps/com.mobilelive.showCommunity,12.6万,42.67,美女主播视频聊天
UC头条,https://www.wandoujia.com/apps/com.uc.infoflow,1822.1万,13.42,UC出品，最懂你的资讯阅读推荐平台
最美插件桌面WidgetHome,https://www.wandoujia.com/apps/jp.ne.biglobe.widgets,97.6万,5.92,大胆的颜色和新颖的设计，绝对让你的桌面与众不同
微商,https://www.wandoujia.com/apps/felix.fansplus,300万,9.76,微信加粉必备神器
每天赚点,https://www.wandoujia.com/apps/com.yongloveru.hjw,52.7万,12.73,网赚兼职赚钱软件
宝宝小当家,https://www.wandoujia.com/apps/com.geniustime.bbxdj.alyyff,98.9万,294.59,儿童启蒙早教
东方头条,https://www.wandoujia.com/apps/com.songheng.eastnews,871.7万,15.83,看新闻现金极速提
粉色成人两性情趣社,https://www.wandoujia.com/apps/com.data.pink,6.5万,13.09,女生宿舍的秘密
屏碎 Prank,https://www.wandoujia.com/apps/com.crack.screen.prank.bfun,354.7万,6.85,屏碎是用来恶作剧你的朋友的应用程序。当你触摸你的手机屏幕，应用程序模拟破碎你的屏幕，并大声开裂的声音
脑筋急转弯,https://www.wandoujia.com/apps/org.vv.brainTwister,82.3万,19.7,形式多样老少皆宜
做菜视频,https://www.wandoujia.com/apps/cn.zuocaivideo,11.1万,11.33,做菜视频是一款搜集了各类美食视频的app 做菜视频是一款移动菜谱软件，这里搜罗了各类美食菜谱，南北风
小日常,https://www.wandoujia.com/apps/com.android.yzd.habit,51.8万,10.91,习惯打卡养成时间
玩赚红包,https://www.wandoujia.com/apps/com.moneyfun.app,198.7万,13.53,红包赚钱现金红包
向上金服,https://www.wandoujia.com/apps/com.xiangshang.xiangshang,240.6万,14.91,向上理财，理财不止，不只理财！
12306买火车票,https://www.wandoujia.com/apps/battymole.trainticket,167.3万,5.66,买火车票是一款为中国铁路客户服务中心网(12306.cn)开发的移动设备客户端工具软件。
同城陌爱约会,https://www.wandoujia.com/apps/com.infoflow.autumn,99.4万,5.71,同城附近单身约会
途牛旅游,https://www.wandoujia.com/apps/com.tuniu.app.ui,1972.2万,62.63,跟团游，自助游，自驾游，特价酒店，特价门票，旅行线路应有尽有。
手游赚,https://www.wandoujia.com/apps/com.duoyou.zuan,141.7万,9.62,好玩又有赚
抠图宝（和图）,https://www.wandoujia.com/apps/hetu.xphoto.cc,30.1万,75.12,抠图合成新境界
聊天机器人,https://www.wandoujia.com/apps/com.yunjie.liaotian.activity,69.8万,11.65,智能聊天机器人，有问必答，无所不知，无所不晓，图片回答。天气，解说，解答，做菜，几乎什么都可以回答
超级一键Root大师,https://www.wandoujia.com/apps/com.nb.roottool,405.3万,13.66,安全绿色root神器，一键获权限
宝宝环保手工,https://www.wandoujia.com/apps/com.sinyee.babybus.greening,12.9万,47.74,小手大脑齐发展
百度新闻,https://www.wandoujia.com/apps/com.baidu.news,336.7万,24.31,百度新闻，满足用户在碎片时间内，轻松愉快的阅读需求。
音效均衡器 Music Volume EQ,https://www.wandoujia.com/apps/hr.podlanica,39.9万,7.91,Music Volume EQ是一款音效均衡器，可以设置手机播放音乐时的音效，增强你的音乐播放效果和
深度清理大师,https://www.wandoujia.com/apps/com.deepclean.master,2.5万,7.84,深度清理一键优化
伪装虚拟定位,https://www.wandoujia.com/apps/com.qqkj66.virtuallocation,5.8万,6.21,改变你的位置
颜值测试,https://www.wandoujia.com/apps/com.znycxl.yanzhi,34.7万,4.99,颜值测试 - 这是一款新颜值相机神器；全新的UI设计、界面功能简单易用，看就懂得使用，通过拍照及使用
3G/4G手机信号增强放大器,https://www.wandoujia.com/apps/cn.hudun.gsm,36.3万,1.36,手机信号增强放大器，手机信号“0”盲区！
怪物闹钟,https://www.wandoujia.com/apps/com.malangstudio.alarmmon,265.6万,9.89,全球2100万用户的选择，全球第一的闹钟~
小木虫,https://www.wandoujia.com/apps/com.zhuanyejun.club,70万,13.21,学术科研第一站
中华英才网,https://www.wandoujia.com/apps/com.chinahr.android.m,235.3万,13.05,招聘求职找工作
成语闯关,https://www.wandoujia.com/apps/com.movesky.chengyugame,39.3万,29.42,挑战你的成语极限
微信锁,https://www.wandoujia.com/apps/com.apkol.lockwechat,607.8万,4.78,轻松锁定微信，保护微信隐私
手机号定位王,https://www.wandoujia.com/apps/com.example.shoujihao,53.6万,1.72,手机在线定位追踪 手机防盗防丢 安卓在线定位追踪 在线定位找人 输入手机号码 即可定位当前位置
实名认证,https://www.wandoujia.com/apps/com.asiainfo.cm10085,54.2万,7.48,
BlueG同志交友,https://www.wandoujia.com/apps/com.chengying.bluegentleman,3.5万,14.67,同性同城交友软件
天天血压,https://www.wandoujia.com/apps/com.bona.rueiguangkangtai,29.7万,3.83,畅享云健康
迷你魔幻粒子世界,https://www.wandoujia.com/apps/com.tongle.tr,45.2万,23.45,这是史上最全最炫酷的粒子合集，这里有运动粒子，炫彩粒子，爆裂粒子，蝴蝶粒子，菊花粒子，漩涡粒子，七色
系统管家,https://www.wandoujia.com/apps/com.xtgj.vaz,9.5万,5.35,每个人的手机系统中都安装了几十个软件，每个软件会产生大量的垃圾文件和无用信息，并且当软件卸载后也不会
神剪手,https://www.wandoujia.com/apps/cn.wondershare.filmoragoes,10万,36.05,视频编辑必备
广西移动和掌桂,https://www.wandoujia.com/apps/com.sinovatech.gxmobile.ui,628.6万,30.57,广西移动业务神器
作业互动帮,https://www.wandoujia.com/apps/com.kfdsef.fgrther,3.1万,5.76,作业互动帮是一款针对学生学习数学的APP，包含了近200条数学公式和常用理论，满足孩子学习数学的需求
课课听,https://www.wandoujia.com/apps/com.mycoreedu.keketingapp,1.1万,26.52,小学辅导专家
老鼠模拟器,https://www.wandoujia.com/apps/y.mik.l.w,6.2万,11.32,看老鼠搞事情
1905电影网,https://www.wandoujia.com/apps/com.m1905.mobilefree,1993.3万,46.15,最权威、快速、独家的电影资讯与影片
GoodPlayer,https://www.wandoujia.com/apps/com.hustmobile.goodplayer,20.4万,12.8,"GoodPlayer无需转码既可以播放 AVI, Xvid, Divx,VOB,FLV,WMV ,M"
定位宝,https://www.wandoujia.com/apps/com.moconbox.dingweibao,85.7万,9.55,让您轻松获得家人的位置信息
影视大全,https://www.wandoujia.com/apps/com.ysdq.hd,2.7万,7.09,影视大全一个就够
粤语说,https://www.wandoujia.com/apps/com.messi.cantonese.study,113.4万,12.37,轻松学粤语
广州证券,https://www.wandoujia.com/apps/com.hexin.plat.android.GuangzhouAMSecurity,59.4万,54.4,广州证券7.8手机炒股软件（同花顺）版提供以下服务： 自选股：显示你挑选的自选股，及时看到关注的股票
快递100收件端,https://www.wandoujia.com/apps/com.kuaidi100.courier,26.3万,46.29,揽收千万用户的寄件
迅雷快鸟,https://www.wandoujia.com/apps/com.xunlei.vip.swjsq,102万,6.08,家庭宽带上网提速
免费音乐下载,https://www.wandoujia.com/apps/com.vileer.music_downloader,41.7万,101K,应用介绍 你想享受在互联网上百万首歌曲吗?只要安装了这个程序，你可以按歌曲名称，艺术家或专辑搜索你想
HUAWEI Mobile WiFi 2,https://www.wandoujia.com/apps/com.huawei.mw,78.4万,20.67,HUAWEI HiLink APP是MobileWiFi APP（E5助手）和RuMate APP（
美团团购Pad版_美食电影团购优惠,https://www.wandoujia.com/apps/com.sankuai.meituanhd,40.6万,11.24,美团团购pad版，口碑最好、国内最火的团购必备软件，为您提供各城市美食、酒店、电影、旅游等团购优惠及
空调万能遥控器,https://www.wandoujia.com/apps/tv.c4e2d.v57a407c,98.7万,3.81,一键红外遥控
宝宝巴士艺术乐园,https://www.wandoujia.com/apps/com.sinyee.babybus.colour,6450,75,小艺术家养成计划
跟谁学,https://www.wandoujia.com/apps/com.genshuixue.student,215.4万,52.26,找老师神器，万千名师等你约课！
SAI Castelec,https://www.wandoujia.com/apps/mx.castelec.apps.alfac.saicastelec,11万,12.93,ConocelassolucionesinformticasqueofreceCastelec!Ca
阳光钱袋,https://www.wandoujia.com/apps/com.sinosig.ygqd,3.8万,26.23,超低息 放款快
全能P图,https://www.wandoujia.com/apps/com.summer.pitustudio,21.2万,15.82,P图视频编辑工厂
随手电筒,https://www.wandoujia.com/apps/com.sskj.flashlight,785.9万,15.72,独创夜晚护眼技术，不偷流量不耗内存
氧秀直播,https://www.wandoujia.com/apps/com.syoogame.yangba,30.4万,41.43,看主播  上氧秀
吃掉物理,https://www.wandoujia.com/apps/com.edusoa.cdwl,5.3万,42.71,吃掉物理是一款专注物理学科的学习软件，是通过任务单、微视频、学习工具和习题支持学生个性化学习的在线学
天利测亩仪,https://www.wandoujia.com/apps/com.tianli365.cemuyi,5.6万,25.26,专业测面积APP
数据恢复DiskDigger Pro,https://www.wandoujia.com/apps/com.defianttech.diskdiggerpro,38.7万,2.08,"数据恢复DiskDigger Pro是PC同名应用的Android版，支持以下格式： JPG, PN"
宝宝树孕育,https://www.wandoujia.com/apps/com.babytree.apps.pregnancy,2603.3万,100.59,为怀孕和育儿阶段的你提供全方位的服务
爽爽bank,https://www.wandoujia.com/apps/com.yitong.mbank.gy,39.8万,62.13,贵阳银行手机银行
民生信用卡,https://www.wandoujia.com/apps/com.cmbc.cc.mbank,82.3万,39.75,金融生活一站搞定
文件管理,https://www.wandoujia.com/apps/com.youba.FileExplorer,8万,1.14,联图最新力作：文件管理。朴素、纯粹、简洁的文件管理器。这仅仅是一款文件管理工具，不内嵌各种编辑器。
时光网,https://www.wandoujia.com/apps/com.mtime,324.8万,45.02,史上最全电影优惠！观影达人必备！
爱牛奶(iMilk),https://www.wandoujia.com/apps/com.hottrix.imilkfree,18万,9.4,iMilk可以让你在手机上喝牛奶，配备独特的喝饱打嗝音效，非常具有趣味性。 这款软件跟之前风靡一时的
云视通生活,https://www.wandoujia.com/apps/com.jovision.xiaowei,20.9万,27.78,为家用设备量身定做的视频监控软件
AHC,https://www.wandoujia.com/apps/kr.co.wylie.ahc,7.8万,1.66,【AHC官方鉴定APP】 欢迎访问全新的AHC官方鉴定产品真伪APP 【轻松三步辨伪】 1. 下载并
个性网名生成器,https://www.wandoujia.com/apps/com.mj.specialnetname,5.5万,1.96,个性网名生成器是一款个性网名生成软件。输入要转换的网名，选择复杂程度，点一键生成即可看到生成的个性网
蛋卷冰淇淋蛋糕师,https://www.wandoujia.com/apps/bwebmedia.conecupcakesmaker,20万,23.86,"The shiny colors, excellent music, and an incredib"
爸爸的冰淇淋店,https://www.wandoujia.com/apps/air.nn.VEhFUEFQQVNGUkVFWkVSSUE.ThePapasFreezeria,18.4万,19.09,版本：2.0.3
速递易快递员,https://www.wandoujia.com/apps/cn.sudiyi.app.courier,26.2万,43.26,让物品交付更简单
黄梅戏视频,https://www.wandoujia.com/apps/com.waqu.android.vertical_huangmeixi,11.8万,10.26,"一起欣赏天仙配,牛郎织女等经典黄梅戏曲目"
炉石盒子,https://www.wandoujia.com/apps/com.netease.hearthstone,61.3万,16.04,上盒子 上传说
上海农商银行,https://www.wandoujia.com/apps/com.srcb.mbank,47.2万,4.71,为您提供账户管理服务，包括添加或删除手机银行的注册卡号、查询卡余额和交易明细。您可以及时掌握银行卡的
搞笑斗图大师,https://www.wandoujia.com/apps/com.pufei.gxdt,1945.1万,34.46,斗图还是大师好
语音转发助手,https://www.wandoujia.com/apps/com.huifeng.voicerecordassistant,2.8万,5.03,语音转发如此好玩
会计头条,https://www.wandoujia.com/apps/com.wta.NewCloudApp.toutiao,3.8万,21.11,会计人的干货头条
农信,https://www.wandoujia.com/apps/com.nxt.xnb,5.3万,16.34,农信
德邦快递you,https://www.wandoujia.com/apps/com.deppon.dpapp,29万,24.22,德邦快递APP
家常菜,https://www.wandoujia.com/apps/cn.ecook.jiachangcai,1.7万,11.5,菜谱大全简单好用
番茄社区,https://www.wandoujia.com/apps/com.fanqie.live,9495,59.1,网红主播在线视频
飞常准业内版,https://www.wandoujia.com/apps/com.feeyo.vz.pro.cdm,14.8万,29.5,民航人专属App
享聊,https://www.wandoujia.com/apps/cn.sharesmile.enjoychat,20.6万,59.66,游戏视频交友聊天
花生日记优惠券,https://www.wandoujia.com/apps/com.hsrjyhq.app,4.1万,15.85,先领券后购物省钱
雄迈看看,https://www.wandoujia.com/apps/com.xm.xmcsee,14.3万,18.32,雄迈看看是一款监控软件，配套小雨点、摇头机等前端监控设备， 通过设备的序列号以云方式登录， 将实时的
手电筒,https://www.wandoujia.com/apps/com.devuni.flashlight,6931.8万,3.98,功能非常强大的第三方手电筒应用
文言文翻译,https://www.wandoujia.com/apps/lf.ranslate.wyw,39.6万,804K,文言文翻译
医院挂号网,https://www.wandoujia.com/apps/com.vodone.o2o.yiyuanguahao.demander,2.8万,20.45,医院预约挂号陪诊
mo9信用钱包,https://www.wandoujia.com/apps/com.mo9.app.view,127.7万,25.32,现金放款神器
考拉电子狗,https://www.wandoujia.com/apps/com.edog,238.7万,6.46,通过云端处理实时提醒监控摄像头禁行提醒等信息
Wearfit,https://www.wandoujia.com/apps/com.wakeup.smartband,5.7万,20.89,健康运动产品
身份证信息查询,https://www.wandoujia.com/apps/com.fmwl.sfzxxcx,6.3万,1.03,《身份证信息查询》是一款中国身份证校验查询的日常生活工具，它能够帮您校验身份证合法性，分析出户籍，生
小米安全令牌,https://www.wandoujia.com/apps/com.xiaomi.android.apps.authenticator2,37.3万,1.28,小米手机安全令牌是小米帐户安全中心推出的基于动态口令的安全认证产品。开通登录保护后，您输入用户名和密
温暖淄博人社,https://www.wandoujia.com/apps/com.dareway.rsmc_zb,4.5万,2.31,人社服务在您身边
音乐DJ混音器,https://www.wandoujia.com/apps/com.djit.apps.edjing.expert,17.4万,24.07,版本：1.2.6
遥控精灵,https://www.wandoujia.com/apps/com.tiqiaa.icontrol,4386.9万,37.89,空调/机顶盒/电视遥控器统统装进手机
乐宝袋,https://www.wandoujia.com/apps/com.lbdfun.android.app,47.4万,16.03,小额信用应急贷款
旺彩预测,https://www.wandoujia.com/apps/com.wangcai.prediction,2万,7.13,预测不中当天退还
起名取名,https://www.wandoujia.com/apps/com.jason.measuringtools.naming,75.8万,12.29,专家级周易起名！
我和你,https://www.wandoujia.com/apps/com.hkx.youandme,24.3万,25.08,情侣手机定位软件
学科网,https://www.wandoujia.com/apps/com.zxxk.mobile.client,19.4万,1.94,学科网官方客户端
小鱼易连,https://www.wandoujia.com/apps/com.ainemo.dragoon,2.3万,36.15,视频会议云服务
美颜自拍,https://www.wandoujia.com/apps/com.zling.meiyan.selfie,8.2万,30.51,简介 美颜自拍，一款与众不同的自拍App！致力于美颜的自拍，摒弃传统，开拓创新。运用时下最流行的滤镜
视频格式工厂,https://www.wandoujia.com/apps/com.getfall.video.androidconverter,22.1万,10.29,《视频格式工厂》是视频格式转换应用中的佼佼者应。使用简单的步骤便可转换成你想要的格式视频，最后保存文
快题库,https://www.wandoujia.com/apps/com.android.tiku.union,2.3万,27.85,环球网校精选题库
无忧简单极速贷,https://www.wandoujia.com/apps/com.vip.pinganedai,4万,22.07,小额贷款借钱软件
PS照片合成,https://www.wandoujia.com/apps/com.jidhwksff.kjec,25.3万,4.6,所有功能特色皆是简单操作、轻松上手
指纹解锁密码锁屏,https://www.wandoujia.com/apps/com.mobi.screensaver.zhiwen1111,27.5万,7,用指纹解锁密码锁屏随意DIY自己的手机桌面哦！每时每刻都保持新鲜感，时尚感，小伙伴们看到都会惊呆的！
音频编辑,https://www.wandoujia.com/apps/com.extreamsd.aemobile,34.1万,27.63,The most powerful multitrack audio/MIDI sequencer
万能钥匙加强版,https://www.wandoujia.com/apps/com.dq.wnysjqb,141.6万,6.78,wifi万能钥匙
中国加盟网,https://www.wandoujia.com/apps/cn.com.jmw.m,12.4万,29.09,为您提供创业项目
球探数据大师,https://www.wandoujia.com/apps/com.win007.bigdata,16.4万,12.29,世界杯足球直播
易维讯,https://www.wandoujia.com/apps/com.eviwjapp_cn,2.5万,39.59,易维讯APP 三一重机倾力打造 上海华兴荣誉出品 通过易维讯，您可以： 1、足不出户，了解设备开工状
百家讲坛,https://www.wandoujia.com/apps/com.jh.APP7464c8c6e6954b82b8c6ae66c040c715.audio,22.2万,21.13,《百家讲坛》是中央电视台科教频道（CCTV-10）2001年7月9日开播的讲座式栏目，栏目宗旨为建构
高清壁纸,https://www.wandoujia.com/apps/com.android.anjie.bizhi,113.9万,2.73,界面最美，图片最清晰，速度最快的壁纸软件
会员宝商户,https://www.wandoujia.com/apps/com.hybunion.hyb,4万,51.03,会员宝商户
任改网,https://www.wandoujia.com/apps/com.android.superdrive,3.5万,30.11,给你不一样的改装体验！
空调遥控精灵,https://www.wandoujia.com/apps/com.ktykjl.d,1.8万,3.32,空调遥控精灵一款多功能实用工具。空调遥控器坏了？不用买新的！用您的手机就可以遥控空调哦。让您的手机变
7788商城,https://www.wandoujia.com/apps/com.m7788.screen,4万,8.52,收藏品交易平台
答案圈,https://www.wandoujia.com/apps/com.yc.ac,4125,7.92,免费找作业答案
泰剧大全,https://www.wandoujia.com/apps/com.leku.tjtv,30.5万,11.12,看泰剧用泰剧大全
专业节拍器,https://www.wandoujia.com/apps/com.shelin.metronome,4.5万,1.45,【专业节拍器】是一款非常好用的节拍器应用软件。在细分设置屏幕上你可以随便设置你想要的节拍。当您启动节
我家亳州,https://www.wandoujia.com/apps/com.iflytek.bzfamily,20.1万,39.08,亳州生活就用她
壳牌,https://www.wandoujia.com/apps/com.shell.sitibv.motorist.china,1.9万,31.16,壳牌智享汇，是壳牌在全球推出的会员项目，覆盖国家和地区。现在壳牌智享汇已来到中国大陆，致力于为中国大
湘财股掌乐,https://www.wandoujia.com/apps/com.xiangcaizq.dzh,117.7万,21.58,湘财股掌乐（Android版）软件，是湘财证券与大智慧合作开发的手机理财服务终端，提供实时资讯提醒、
大麦抢票助手,https://www.wandoujia.com/apps/com.youpiao.proclient,6465,13.82,在大麦抢不到票？那就快用大麦抢票助手吧！ 所有地方没有的票，在大麦抢票助手上，都可以买到！ 买到贵的
无线监视监听器,https://www.wandoujia.com/apps/tk.dagua.thirdeye,17.9万,4.02,"Third Eye (第三只眼) 将您的手机变为无线监视器: 将手机放置在房屋内某处, 即可通过电脑"
39健康,https://www.wandoujia.com/apps/com.qisheng.daoyi.activity,153.8万,19.24,预约挂号，问诊
花鼓戏视频,https://www.wandoujia.com/apps/com.tianming.android.vertical_5huaguxi,2.8万,10.28,花鼓戏全集视频，戏曲名段欣赏！ 花鼓戏，中国地方戏曲剧种，通常特指湖南花鼓戏。湖北 、安徽、 江西
郑多燕减肥操,https://www.wandoujia.com/apps/com.example.loseweight,90.7万,2.32,郑多燕减肥操系列视频的全集！
CAD看图王,https://www.wandoujia.com/apps/com.gstarmc.android,587.7万,26.43,CAD极速看图
爱尚天气,https://www.wandoujia.com/apps/com.lu.ashionweatherbanner,4.2万,16.53,【实时天气信息】实时预报您当前位置的天气情况； 【逐小时天气预报】轻松查阅24小时内天气变化，提早预
忍者龙剑传2,https://www.wandoujia.com/apps/xl.fc.rzljc200000000,1.8万,2.5,1990年4月6日《忍者龙剑传2：暗黑邪神剑》发售， 这是在FC平台推出的第二款“忍者龙剑传”系列游
空调遥控器,https://www.wandoujia.com/apps/com.aircherry.remote,220.8万,26.33,您可以使用您的智能手机作为遥控器智能控制电视机，数码单反，投影仪，空调，而且操作简单!空调遥控器支持
二手货,https://www.wandoujia.com/apps/com.jddl.ershouhuo,2万,3.82,二手货手机客户端顺应移动互联网发展浪潮，向广大客户展示了一个更加专业的移动平台，此平台也是您企业很好
录像机,https://www.wandoujia.com/apps/com.eslucr.duicam,37.9万,15.36,DuiCam是一个简单的视频记录仪应用程序：*保持只有最后的X分钟(例如，30分钟)，以避免填充磁盘
Helen Doron Stream,https://www.wandoujia.com/apps/com.helendoron.helendoronstream,9375,32.45,在课外学习英语可以随时随地进行。在Helen Doron Stream上查找视频集，视频歌曲（同步叙
WIFI检视仪,https://www.wandoujia.com/apps/com.bhu.btfimobilelite,40.1万,13.35,CloudWalker是针对WiFi无线网络信号检测的强大软件。它提供您友善的界面，激动人心的专业级
天气预报通,https://www.wandoujia.com/apps/cn.ytk.weather,2175,20.88,出行知雨晴，出门知冷暖，天气预报为你护航 国内城市+到地区的天气预报信息~ 空气质量指数实时监控，关
好食期,https://www.wandoujia.com/apps/com.doweidu.android.haoshiqi,5.7万,12.82,品牌食品特卖
德克士,https://www.wandoujia.com/apps/com.wowotuan.appfactory.dekeshi,2.4万,5.58,优惠活动：随时随地查看最新优惠活动与资讯；商品展示：德克士，连锁快餐店，德克士炸鸡起源于美国南部的德
录屏神器,https://www.wandoujia.com/apps/com.example.lupingshenqi,4.9万,8.48,录屏神器提供屏幕录制，清理内存，屏幕截图，游戏加速等功能。在5.0以下系统需要root才能使用，在5
图片合并,https://www.wandoujia.com/apps/shinclouddev.picsmerge,1.5万,1.97,"●你可以合并两个或四个的图片到一个图片。●也可以或附加到电子邮件图片你刚刚创建,发送到Evernot"
贷款王,https://www.wandoujia.com/apps/com.dkw.credit,1万,1.62,小额极速贷款平台
手机app下载,https://www.wandoujia.com/apps/com.sjappxz.aqsc.vo,100.9万,5.74,"手机app下载进行动态排名,不会因为一个app由于开发早,就一直排名靠前,而是根据一段时间用户下载反"
复利计算,https://www.wandoujia.com/apps/com.wbl.calculate,8.6万,3.23,该软件是一款简单地帮助用户计算复利的理财软件
WithMe,https://www.wandoujia.com/apps/com.conglaiwangluo.withme,53.7万,28,私密空间日记本
想去,https://www.wandoujia.com/apps/com.xiangqu.app,170.8万,7.04,挖掘商品背后的故事！
子牙钓鱼,https://www.wandoujia.com/apps/com.nbchat.zyfish,5.5万,49.28,想钓鱼来子牙
聊天记录恢复工具,https://www.wandoujia.com/apps/com.yupei.ltjlhfgj,2460,14.53,一键恢复聊天记录
V8,https://www.wandoujia.com/apps/com.ruision.v8,1.1万,11.83,V8是为新一代智能家居产品量身定制的免费APP，它采用先进的Cloudlink P2P网络传输技术，
魔拍,https://www.wandoujia.com/apps/com.baidu.baiducamera,360.7万,13.37,史上瘦脸效果最完美的眨眼自拍神器
说文解字,https://www.wandoujia.com/apps/hugh.android.app.shuowen,21.3万,6.39,簡介：《說文解字》簡稱《說文》，是東漢經學家、文字學家許慎編著的文字工具書，《說文解字》是我國第一部
Wenzer,https://www.wandoujia.com/apps/com.vince.wenzer,1.6万,2.92,首款文字桌面插件应用
中大网校,https://www.wandoujia.com/apps/cn.wangxiao.app,75.5万,27.88,中大网校
借贷宝,https://www.wandoujia.com/apps/com.rrh.jdb,1870万,44.91,打借条体面有保障
照片背景换自由,https://www.wandoujia.com/apps/com.iapps.photo.background.changer.free,1.1万,2.31,版本：1.0
位置伪装大师,https://www.wandoujia.com/apps/com.huichongzi.locationmocker,111.7万,9.73,"位置伪装大师,变换位置，随心所欲！"
儿童游戏,https://www.wandoujia.com/apps/com.bbagames.kidsgames,4.2万,5.15,游戏的孩子1岁到6岁。应该是游戏能提高孩子的学习没有暴力。如2岁的孩子游戏将专注于图像颜色和色调4岁
零食屋,https://www.wandoujia.com/apps/com.taobao.wireless.wht.a55,5.9万,1.47,吃货不是饿，只是太寂寞! 零食屋是我们专为吃货们打造的一款淘宝零食精选应用，带你淘尽天下零食，实在是
会课,https://www.wandoujia.com/apps/com.huitong.client,1.7万,31.95,学校作业随时做，智能统计作业报告，学习进步更迅速。 提供全国初中高中名校试题，智能出题让你做少题提高
估吗,https://www.wandoujia.com/apps/com.xs.gumaapp.activity,1.8万,5.63,手机估价首选估吗
电子身份证,https://www.wandoujia.com/apps/com.id110.eid,1.2万,2.82,EID是基于“云计算”技术的符合国际IDM身份管理标准的电子身份验证应用。基于生物识别技术，采用PK
人人车,https://www.wandoujia.com/apps/com.renrenche.renrenche,5070,18.52,人人车二手车，影帝黄渤推荐，完成新一轮3亿美元融资，重磅推出二手车严选商城，升级了二手车直卖模式，不
伊拍,https://www.wandoujia.com/apps/com.thundersoft.hz.selfportrait,105.2万,13.41,伊人美丽拍摄，女神般细腻肌肤
龙8娱乐,https://www.wandoujia.com/apps/com.cc.hp,8670,10.55,龙8娱乐，一款关注DOTA2资讯的应用，为DOTA热爱者提供全面的，详细的关于DOTA的资讯信息和提
美丽乡村,https://www.wandoujia.com/apps/com.unicom.mhjy,8640,39.97,"美丽乡村app是为乡村打造的一款乡村生活服务,为用户们提供便捷的生活方式,向广大客户展示了各种土特产"
搜狗阅读,https://www.wandoujia.com/apps/com.sogou.novel,1.6亿,16.07,热辣爽文、连载小说免费读
三余阅读,https://www.wandoujia.com/apps/cn.edu.bnu.lcell.reading,991,16.78,扩充文本深度阅读
就爱看日剧-最新热门日本连续剧、日本偶像剧在线收看,https://www.wandoujia.com/apps/com.bluejie.tvdramasjp,5850,605K,版本：1.6
高音质录音机,https://www.wandoujia.com/apps/yuku.luyinji.full,10.5万,1.41,在高品质的音频记录直接转换成MP3文件！ 在高品质的音频记录直接转换成MP3文件！可以录制高保真44
小学生组词造句词典辞海版,https://www.wandoujia.com/apps/cn.dictcn.android.digitize.shcs_chbxxszczjcd_20003,2.4万,16,小学语文学习必备
马赛克相机,https://www.wandoujia.com/apps/yuanlai.com.masaike,1.3万,17.38,马赛克相机 是一款 照片马赛克 工具。 您可以从您的照片图库中选择，或者马上拍摄的照片进行处理。您手
学生云安全,https://www.wandoujia.com/apps/com.eshine.st,1410,7.58,学生安全管理平台是为了学生在校生活、在企业实习等过程中的安全隐患问题能得到有效预防而推出的功能平台。
先花花,https://www.wandoujia.com/apps/com.xhh.mobile,30万,5.39,先花花，一款可歌可泣的大学生消费神器
飞熊视频,https://www.wandoujia.com/apps/com.fxtv.threebears,69.1万,13.72,和飞熊一起看视频追主播抽大奖
8分钟冥想,https://www.wandoujia.com/apps/com.macrotellect.meditation,2.5万,59.43,0基础学会冥想
丁香直播,https://www.wandoujia.com/apps/com.nacai.dingxiang,70.8万,47.18,美女主播深夜直播
女人男人,https://www.wandoujia.com/apps/com.cutt.zhiyue.android.app682825,2.3万,9.86,讲述女人们与男人们生活中的真实故事。分享生活中的小技巧。
Pic Collage,https://www.wandoujia.com/apps/com.cardinalblue.piccollage.google,16万,23.59,智能的修图利器，美化图片简单快捷！
欧洲期货交易所移动应用 Eurex-App,https://www.wandoujia.com/apps/com.eurexchange,3000,1.98,版本：1.0.4
掌通家园,https://www.wandoujia.com/apps/com.seebaby,459万,55.29,让家长放心app
宝宝猜谜语,https://www.wandoujia.com/apps/org.vv.baby.riddle,11.5万,13.61,《宝宝猜谜语》——儿童早教必备，贴近生活，锻炼智力。
独角秀,https://www.wandoujia.com/apps/com.mydeershow,1.3万,17.54,演出攻略型软件
智能计算器,https://www.wandoujia.com/apps/de.sfr.calctape,4.2万,4.8,一款功能强大的计算器，除了能实现普通计算器的功能外，同时把计算过程以文本的方式展现出来，这些文本可以
基金从业资格准题库,https://www.wandoujia.com/apps/cn.wangxiao.jijinzhuntiku,22.3万,27.88,基金从业资格
我的快递,https://www.wandoujia.com/apps/com.wode.express,1.3万,5.4,查快递、发快递、收快递、管快递，请用我的快递。我的快递为消费者用户提供全面的快递服务，包括快递物流状
夜蒲达人,https://www.wandoujia.com/apps/com.junxun.bars,2070,14.91,“夜蒲达人”是一款提供个人技能及时间出租的共享经济服务软件；解决下班后约谁？去哪儿？玩什么？的“技能
服装微加工,https://www.wandoujia.com/apps/com.kwrzcu.kcfsod,3.3万,4.14,服装加工手机助手
360手机主题-哆啦a梦,https://www.wandoujia.com/apps/com.qihoo360.launcher.theme.zc1093823,7.2万,6.06,“哆啦a梦”是360手机桌面用户DIY的一款精品手机桌面主题。喜欢哆啦a梦快把它装进手机里！ 更多详
神州租车,https://www.wandoujia.com/apps/com.szzc,675.2万,38.47,更方便、更快捷的手机租车体验
磨房,https://www.wandoujia.com/apps/net.doyouhike.app.bbs,3.6万,13.72,户外与自助旅行社区，游记、约伴，自助游必备！
应急贷款,https://www.wandoujia.com/apps/com.yjdk.credit,80.3万,12.75,快速手机小额贷款
迅雷电视助手,https://www.wandoujia.com/apps/com.xunlei.tvassistant,30.5万,6.97,【设备支持】新版优化连接模块，适配设备数量、规模大大提升 小米电视2、小米盒子增强版等都能使用啦 ※
搬运帮司机端,https://www.wandoujia.com/apps/com.glimmer.carrybport,4995,32.67,订单多，月入过万
排列三缩水软件,https://www.wandoujia.com/apps/com.suma.pl3suoshui,1.2万,11.79,排列三缩水软件
珠海实时公交,https://www.wandoujia.com/apps/com.apicloud.A6977346503210,4.6万,2.26,珠海实时公交到站查询，不再为等公交烦恼！ 直接查看附近公交！ 收藏常用线路！ 以后还会添加更多功能，
北京实时公交,https://www.wandoujia.com/apps/com.bjjt.real,1万,3.29,北京实时公交查询
寻艺,https://www.wandoujia.com/apps/com.vlinkage.xunyi,9.7万,5.12,明星粉丝手机互动娱乐平台
擦肩,https://www.wandoujia.com/apps/com.cztv.streetpass,2925,5.81,"这是一款基于地理位置服务的移动社交应用，用户可以通过“擦肩”认识身边遇见过的人, “擦肩”支持发送消"
139邮箱,https://www.wandoujia.com/apps/cn.cj.pe,724.2万,28.31,手机上轻松完成邮件操作
记点,https://www.wandoujia.com/apps/com.housingfund.jidian,1.6万,14.45,记点，生活好帮手
金狮播放器,https://www.wandoujia.com/apps/com.drmfab.sks.phoneplayer,1万,14.8,金狮播放器： 支持所有流行的视频和音频格式，良好的兼容性。 内置高清视频解码引擎，带给您更流畅的播放
康佳多屏互动,https://www.wandoujia.com/apps/yinlei.konka,47.3万,657K,支持康佳机顶盒与手机交互，通过安卓手机操作康佳机顶盒，提供了遥控器，鼠标，键盘，触屏四种方式对机顶盒
avseye,https://www.wandoujia.com/apps/com.langtao.avseye,1.2万,17.82,avseye通过P2P方式连接IPC DVR和NVR实时观看视频 基本功能： 1.支持WiFi和3G
走多多,https://www.wandoujia.com/apps/com.cheetah.stepformoney,12.4万,18.8,走路能赚钱
淘粉吧,https://www.wandoujia.com/apps/com.leixun.taofen8,1253.6万,26.83,淘宝网购省钱返利，领大额优惠券
免费动漫,https://www.wandoujia.com/apps/com.txj.anime.free,21.6万,13.5,1、具备海量精彩的动漫，内容精彩不容错过 2、专注于ACG相关内容的在线视频分享，目前有七个板块：动
小影,https://www.wandoujia.com/apps/com.quvideo.xiaoying,2471.2万,41.4,最In手机视频神器，最火微视频发源地
存储空间清理,https://www.wandoujia.com/apps/com.ktls.fileinfo,8664.4万,3.61,一键解决存储不足
卓师兄,https://www.wandoujia.com/apps/com.auntec.zhuoshixiong,138.8万,28.46,恢复误删微信数据
先锋影音,https://www.wandoujia.com/apps/com.xfyy.yax,728.1万,14.38,先锋影音专注看片
腾讯体育,https://www.wandoujia.com/apps/com.tencent.qqsports,735.4万,25.94,NBA视频直播
MT4,https://www.wandoujia.com/apps/com.github.mzule.majiaf,27.5万,7.5,资讯行情一网打尽
云集微店,https://www.wandoujia.com/apps/com.imaginer.yunji,158.5万,43.23,注册云集APP，购物享受价。买精品，买大牌，一件也是价。 云集APP是一个精品会员电商平台，通过全球
运满满司机,https://www.wandoujia.com/apps/com.xiwei.logistics,574.2万,82.11,注册送钱最高99
亿通行,https://www.wandoujia.com/apps/enfc.metro,86.6万,47.46,让城市生活更便捷
磁力链接搜索,https://www.wandoujia.com/apps/org.btku.search,160.9万,2.17,磁力链接搜索是一个基于DHT协议的资源搜索应用，所有资源来源于爬虫24小时从DHT网络自动抓取，为你
WiFi密码查看工具,https://www.wandoujia.com/apps/com.smartzone.checkpass,1.2亿,3.95,WiFi密码管理
北京赛车pk10,https://www.wandoujia.com/apps/com.bjscpk10.yyb,49.7万,9.56,北京赛车数据统计
全国社保查询,https://www.wandoujia.com/apps/com.sb.qgsbcx,12.7万,28.7,全国社保查询，提供全国数百城市社保查询服务，做您贴身的社保管家。不仅可以帮你查询自己的个人社保，还可
美聊,https://www.wandoujia.com/apps/com.meiliao.mlfsb,27.6万,70.52,真人美女视频直播
CC直播,https://www.wandoujia.com/apps/com.netease.cc,447.7万,77.66,随时随地观看 娱乐&游戏直播
信用钱包,https://www.wandoujia.com/apps/com.financial.quantgroup,537万,19.59,简单贷款急速放款
文华开户版,https://www.wandoujia.com/apps/com.culture.hxg.twenty,2.6万,5.05,极速期货行情
壁纸 Nature14,https://www.wandoujia.com/apps/com.sorapps.wall64,555,1.18,免费的墙纸为您的Android手机。只需下载并设置为墙纸！ - 只包含一个壁纸。
早游戏,https://www.wandoujia.com/apps/com.qijin189.huosuapp,168.8万,15.2,bt福利手游平台
同程旅游,https://www.wandoujia.com/apps/com.tongcheng.android,2123万,50.52,出行，从同程开始
TIM,https://www.wandoujia.com/apps/com.tencent.tim,311万,51.9,最轻的办公聊天软件，可免费通话
TIM,https://www.wandoujia.com/apps/com.tencent.tim,311万,51.9,最轻的办公聊天软件，可免费通话
顺风车,https://www.wandoujia.com/apps/com.shunfengche.ride,182.9万,59.03,拼车出行打车软件
爱壁纸,https://www.wandoujia.com/apps/com.lovebizhi.wallpaper,2215.6万,11.75,专业壁纸应用，精美壁纸玩起来！
企鹅FM,https://www.wandoujia.com/apps/com.tencent.radio,647.9万,18.67,海量音频节目内容，听节目就上企鹅FM。
趣推,https://www.wandoujia.com/apps/com.qutui360.app,88.7万,39.37,创意视频制作神器
360浏览器极速版,https://www.wandoujia.com/apps/com.qihoo.expressbrowser,393.1万,2.76,极速安全，用360极速浏览器，4亿人的共同选择！ 最快：独创0秒启动技术，点击图标即可使用，就是不让
爱飒漫画,https://www.wandoujia.com/apps/com.comic.isaman,66.7万,34.7,【人气漫画】 《斗破苍穹》《凤逆天下》《绝世唐门》《风起苍岚》《武动乾坤》《很纯很暧昧》《花千骨》《
红色午夜看片神器,https://www.wandoujia.com/apps/vidon.me.rziokd.phone.hongse,27.9万,47.13,稳定的流媒体支持
八门神器社区,https://www.wandoujia.com/apps/com.joke.bamenshenqi.forum,21.6万,10.64,逗比队友在等你
爱剪辑手机版,https://www.wandoujia.com/apps/com.shineyie.aijianji,98.9万,90.69,专业视频剪辑编辑
掌上社保,https://www.wandoujia.com/apps/com.infohold.cordova.siperpage,14.1万,2.16,掌上社保客户端是专门为吉林省社会保险参保人设计并开发的行业内业务信息查询软件，该软件为社保广大参保人
小米金融,https://www.wandoujia.com/apps/com.xiaomi.jr,160.4万,22.46,小米综合金融平台
笔趣阁,https://www.wandoujia.com/apps/com.bi.qu.my,4.7万,6.21,"笔趣阁是一款相当好用的阅读器。 新增好友圈功能，加上交流论坛,提升社交属性，便捷地为您快速、轻量、优"
一直看漫画,https://www.wandoujia.com/apps/com.yizhikan.app,9.8万,7.52,好看的漫画一直看
恋爱漂流瓶,https://www.wandoujia.com/apps/com.driftbottle.app,652.3万,4.98,同城约会交友软件
多益云,https://www.wandoujia.com/apps/com.duoyi.iminc,16.4万,36.57,企业移动通讯平台
聚美,https://www.wandoujia.com/apps/com.jm.android.jumei,2306.3万,82.43,美妆限时特卖商城，新人注册送160元
期货开户,https://www.wandoujia.com/apps/com.gq.qihuoopen,8.4万,3.17,期货资讯应有尽有
同城约单,https://www.wandoujia.com/apps/com.dlgy.cp2,37.8万,9.09,同城约单附近交友
嘀哩漫画,https://www.wandoujia.com/apps/com.dilimh.comic,6465,14.32,【嘀哩漫画上线啦！】 嘀哩漫画APP正式上线！ 漫画炒鸡多，全部免费看，一起组队刷起来ヾ(◍°∇°◍
九秀美女直播,https://www.wandoujia.com/apps/com.ninexiu.sixninexiu,1173.9万,58.38,直播放纵嗨私密玩
TryTry,https://www.wandoujia.com/apps/com.secoo.trytry,5万,13.42,◊ 想背新包？ 1天1元起！ ◊ 家有旧包？ 共享出来，天天有租金，好玩又赚钱！ 【品牌】 LV、G
成人礼,https://www.wandoujia.com/apps/com.mj.crl,70万,43.94,同城聊天交友约会
抢购啦,https://www.wandoujia.com/apps/com.kingkr.kogcnhp,1305,8.27,淘宝省钱，就用抢购啦，每天上万商品优惠券放送
连尚免费读书,https://www.wandoujia.com/apps/com.wifi.reader.free,66万,6.56,海量免费热门小说
百合婚恋,https://www.wandoujia.com/apps/com.baihe,1833.7万,97.98,认真谈恋爱，就在百合婚恋
石榴直播,https://www.wandoujia.com/apps/cn.v6.sixrooms,928.9万,82.63,真人美女视频直播互动社区
手机电视直播,https://www.wandoujia.com/apps/com.ztsoft.tvlive,266.5万,11.96,打开手机看电视
万能ROOT,https://www.wandoujia.com/apps/com.skeleton.root,101.3万,1.97,本ROOT软件针对Android（安卓）系统一键获取ROOT权限的软件。本ROOT软件支持众多And
中彩网,https://www.wandoujia.com/apps/com.zhcw.client,90.6万,46.42,看开奖就来中彩网
凤凰新闻,https://www.wandoujia.com/apps/com.ifeng.news2,2877.1万,25.53,热点话题明星趣闻
小黑盒,https://www.wandoujia.com/apps/com.max.xiaoheihe,99.6万,22.55,Steam社区
配音秀,https://www.wandoujia.com/apps/com.happyteam.dubbingshow,1314万,81.1,亮出你的声音，制作一部属于你的大片
平安口袋e行销,https://www.wandoujia.com/apps/com.paic.esale.activity,468.7万,92.25,平安口袋e行销简称平安e行销，平安口袋e行销app是平安为了使代理人更好、更方便的展业，为广大的客户
巧影,https://www.wandoujia.com/apps/com.nexstreaming.app.kinemasterfree,97.5万,45.5,专业的视频编辑
平安证券,https://www.wandoujia.com/apps/com.hundsun.winner.pazq,592万,51.15,手机投资就用安e理财高端版！
彩云天气,https://www.wandoujia.com/apps/com.nowcasting.activity,236.7万,24.95,预报未来几时几分下雨
斗地主(单机版),https://www.wandoujia.com/apps/com.chuxin.doudizhu,111.1万,7.24,2015全新的单机版斗地主!1.拥有精美的画面、绚丽的特效和优秀的AI!2.无需登陆或注册，不用连接
安卓动态壁纸锁屏,https://www.wandoujia.com/apps/com.androidesk.livewallpaper,1203.3万,14.43,海量精美壁纸，让你的爱机美翻天
百姓网,https://www.wandoujia.com/apps/com.quanleimu.activity,1019.6万,26.11,海量信息一网打尽，满足生活全能需求
搜狐新闻,https://www.wandoujia.com/apps/com.sohu.newsclient,1625万,16.44,搜狐新闻发现金红包  下拉一下试试看
手机助手,https://www.wandoujia.com/apps/com.yhw.phonehelper,80万,3.38,便捷管理您的手机
备忘录,https://www.wandoujia.com/apps/com.huichao.notepad,272.6万,968K,简单实用的记事工具
智慧人社,https://www.wandoujia.com/apps/com.powersi.zhrs,51.5万,36.98,查社保 找工作
一折特卖,https://www.wandoujia.com/apps/com.yizhe_temai,1359万,17.12,数万商品一折起，购物省钱神器
中国长安网,https://www.wandoujia.com/apps/com.founder.changannet,20.9万,13.33,中国长安网客户端是中央政法委员会、中央社会治安综合治理委员会发布新闻、政务信息和提供在线服务的新媒体
飞读免费小说,https://www.wandoujia.com/apps/com.yuewen.cooperate.reader.free,20.8万,16.54,热门小说免费读
云电脑-掌上云游戏,https://www.wandoujia.com/apps/com.dalongtech.cloud,423.5万,15.39,手机变电脑
中国长安网,https://www.wandoujia.com/apps/com.founder.changannet,20.9万,13.33,中国长安网客户端是中央政法委员会、中央社会治安综合治理委员会发布新闻、政务信息和提供在线服务的新媒体
飞读免费小说,https://www.wandoujia.com/apps/com.yuewen.cooperate.reader.free,20.8万,16.54,热门小说免费读
云电脑-掌上云游戏,https://www.wandoujia.com/apps/com.dalongtech.cloud,423.5万,15.39,手机变电脑
直播吧,https://www.wandoujia.com/apps/android.zhibo8,2673.9万,60.21,官方客户端，让你随时随地收看赛事直播
种子视频,https://www.wandoujia.com/apps/com.inke.gaia,100.8万,25.05,看视频，能赚钱哦
LOFTER,https://www.wandoujia.com/apps/com.lofter.android,808.7万,40.7,LOFTER-每个人的理想国
随手记,https://www.wandoujia.com/apps/com.mymoney,2048.2万,35.79,点击记一笔，网购最贴心的记账神器!
QQ,https://www.wandoujia.com/apps/com.tencent.mobileqq,21.5亿,65.79,老牌聊天软件，装载童年
微信,https://www.wandoujia.com/apps/com.tencent.mm,21.5亿,96.35,每个人手机必装的聊天软件
爱奇艺,https://www.wandoujia.com/apps/com.qiyi.video,8.6亿,39.41,追潮流新剧，看优质影片
快手,https://www.wandoujia.com/apps/com.smile.gifmaker,5.6亿,72.3,记录生活中有趣的精彩瞬间
学习强国,https://www.wandoujia.com/apps/cn.xuexi.android,63万,94.24,海量知识信息与丰富学习慕课
酷狗音乐,https://www.wandoujia.com/apps/com.kugou.android,10.5亿,60.77,人气音乐播放器，海量曲库
抖音短视频,https://www.wandoujia.com/apps/com.ss.android.ugc.aweme,3亿,76.65,音乐短视频软件，记录生活
UC浏览器,https://www.wandoujia.com/apps/com.UCMobile,5.5亿,50.25,精彩资讯一刷即有
手机淘宝,https://www.wandoujia.com/apps/com.taobao.taobao,6.1亿,106.03,手机网购，一切商品全都有
腾讯视频,https://www.wandoujia.com/apps/com.tencent.qqlive,6.6亿,39.26,三国机密全网独播
优酷视频-这就是街舞,https://www.wandoujia.com/apps/com.youku.phone,9亿,49.38,知否知否应是绿肥红瘦、挑战吧太空尽在优酷
作业帮,https://www.wandoujia.com/apps/com.baidu.homework,2.2亿,64.97,小初高拍照搜题提分利器
影音先锋,https://www.wandoujia.com/apps/com.xfplay.play,5.4亿,25.46,最具人性化体验的播放器
拼多多,https://www.wandoujia.com/apps/com.xunmeng.pinduoduo,1.7亿,18.57,9.9秒杀每天都有
全民K歌,https://www.wandoujia.com/apps/com.tencent.karaoke,3.2亿,66.93,五音不全？你也可以当歌星
QQ音乐,https://www.wandoujia.com/apps/com.tencent.qqmusic,4亿,61.17,我们用心做好音乐
MOMO陌陌,https://www.wandoujia.com/apps/com.immomo.momo,8.1亿,72.58,新奇在身边，发现身边有意思的人
给你花极速版,https://www.wandoujia.com/apps/com.fenqi.client,107.3万,16.74,年轻人的信用钱包
法宣在线,https://www.wandoujia.com/apps/com.fxphone,116.7万,13.87,法宣在线移动版
可乐优品商城,https://www.wandoujia.com/apps/com.hsb.colaproduct,86.4万,16.27,二手手机天天低价
保险师,https://www.wandoujia.com/apps/com.winbaoxian.wybx,906.3万,49.47,签单快人一步
小黑鱼,https://www.wandoujia.com/apps/com.blackfish.app.ui,528.6万,108.5,额度可达20万
TXT免费全本阅读器,https://www.wandoujia.com/apps/com.mianfeinovel,283.4万,17.92,专业小说阅读软件
惠农网,https://www.wandoujia.com/apps/com.cctir.huinongbao,193.8万,39.23,农产品批发采购
广发证券易淘金,https://www.wandoujia.com/apps/com.gf.client,1389.9万,35.81,炒股股票证券开户
第一弹,https://www.wandoujia.com/apps/com.diyidan,1056.3万,33.97,海量动漫影视资源
MX Player,https://www.wandoujia.com/apps/com.mxtech.videoplayer.ad,2351.2万,28.07,欣赏优质影片的最佳途径！
格来云游戏,https://www.wandoujia.com/apps/cn.gloud.client.mobile,78.7万,31.77,手机玩电脑游戏
InShot,https://www.wandoujia.com/apps/com.camerasideas.instashot,54.9万,27.04,最佳的视频编辑器
MoboPlayer,https://www.wandoujia.com/apps/com.clov4r.android.nil,1660.2万,26.75,全能播放器，兼容播放多种媒体格式！
MIX,https://www.wandoujia.com/apps/com.pinguo.edit.sdk,926.9万,74.37,堪比单反的光圈调节，专业视觉效果
千千音乐,https://www.wandoujia.com/apps/com.ting.mp3.android,4662.3万,26.39,第一款听歌、K歌深度整合的音乐APP
布卡漫画,https://www.wandoujia.com/apps/cn.ibuka.manga.ui,3353.5万,12.91,重新认识手机漫画从布卡开始
ofo小黄车,https://www.wandoujia.com/apps/so.ofo.labofo,6255.1万,39.39,随时随地有车骑
浙里办,https://www.wandoujia.com/apps/com.hanweb.android.zhejiang.activity,261.4万,82.27,让你一次都不跑！
电视遥控器,https://www.wandoujia.com/apps/com.kbbsdsykq.yywyt,112万,8.01,电视遥控器APP全面支持多品牌电视机遥控，没有网络也能轻松遥控电视，快速添加、编辑、删除、切换、排序
叮咚买菜,https://www.wandoujia.com/apps/com.yaya.zone,33万,23.1,29分钟生鲜到家
万达普惠,https://www.wandoujia.com/apps/com.wdjr.loan,54.2万,39.39,无抵押，快速放款
恒易贷,https://www.wandoujia.com/apps/com.hengchang.client,86.8万,90.19,2小时到账信用贷
豆豆钱,https://www.wandoujia.com/apps/com.vcredit.ddcash,191.6万,29.86,急用钱就找豆豆钱
期货投资外汇,https://www.wandoujia.com/apps/com.qyt.fi,3.9万,4.18,学会分析外汇期货
恒易贷,https://www.wandoujia.com/apps/com.hengchang.client,86.8万,90.19,2小时到账信用贷
豆豆钱,https://www.wandoujia.com/apps/com.vcredit.ddcash,191.6万,29.86,急用钱就找豆豆钱
期货投资外汇,https://www.wandoujia.com/apps/com.qyt.fi,3.9万,4.18,学会分析外汇期货
天眼,https://www.wandoujia.com/apps/com.example.artilleryandroid,67.7万,19.23,GPS坐标地图
百度阅读,https://www.wandoujia.com/apps/com.baidu.yuedu,1567.6万,27.81,百度阅读，享受阅读时光！
手机万能变声器,https://www.wandoujia.com/apps/com.xmb.anjila,137.4万,4.87,手机万能变声器
卫星地图,https://www.wandoujia.com/apps/ditu.weihh.xing,29.4万,4.13,卫星地图
全网影视大全,https://www.wandoujia.com/apps/com.quanwang.videos,176.1万,9.37,全网影视大全是一款优质影视视频聚合应用，支持近20家影视视频网站、70种清晰度源切换的神器！聚合了1
Snapseed,https://www.wandoujia.com/apps/com.niksoftware.snapseed,704.7万,27.5,简便操作，专业处理，有了它，手指就是魔术师
小宝贝直播,https://www.wandoujia.com/apps/com.baby.live,45.3万,59.09,美女直播视频交友
北斗地图,https://www.wandoujia.com/apps/com.beidou.android.beidoumap,171.1万,45.37,北斗地图，一路坦途 【功能特色】 ⊙实时、高精度，准确定位导航 ⊙海量交通大数据，助力智慧交通 ⊙避
宝宝巴士,https://www.wandoujia.com/apps/com.sinyee.babybus.recommendapp,470.4万,18.07,宝宝巴士快乐启蒙
Microsoft Word,https://www.wandoujia.com/apps/com.microsoft.office.word,201.8万人下载 ・,201.8万人下载 ・,微软官方安卓应用
TXT全本免费电子书,https://www.wandoujia.com/apps/cc.remennovel,72.8万,18.09,海量免费小说阅读
Flash实用播放器,https://www.wandoujia.com/apps/com.uning.flashplayer,43.8万,325K,简介：这是一款基于Android平台简单易用的Flash播放器。针对用户习惯，该应用智能把 swf
无忧行,https://www.wandoujia.com/apps/com.cmi.jegotrip,40.2万,60.09,上网通话出境旅游
小爱同学,https://www.wandoujia.com/apps/com.xiaomi.xiaoailite,27万,14.56,人工智能助理
爱追剧,https://www.wandoujia.com/apps/com.tomking.aizhuiju,43.4万,884K,为喜爱美剧的朋友打造的一个追剧应用。它可以：查找美剧自动搜寻所收藏美剧的最新集信息和相应视频更多的功
蝌蚪窝,https://www.wandoujia.com/apps/com.youyu.qiaoqiaohuaba,19.5万,22.39,掌上交友同城艳遇
5173游戏交易,https://www.wandoujia.com/apps/com.yek.android.game5173,572.5万,9.92,国内安全、权威、服务最完善的手机游戏交易平台
中国人寿综合金融,https://www.wandoujia.com/apps/com.sinosoft.mobilebiz.chinalife,120.3万,82.49,优选保障管理财富
恢复聊天记录,https://www.wandoujia.com/apps/com.i8dudata.wechatrecover,79.2万,11.61,聊天记录恢复
PIXMA Print,https://www.wandoujia.com/apps/jp.co.canon.bsd.ad.pixmaprint,57.4万,19.64,PIXMA Printing Solutions (PIXMA Print) is a free s
国美金融,https://www.wandoujia.com/apps/com.gomemyc.mylc.android,30.7万,37.4,综合性理财平台
社保认证,https://www.wandoujia.com/apps/cn.cinsoft.certification,14.6万,2.64,1. 社保认证应用是针对异地离退休人员建立视频信息档案 2. 进行手机视频认证，为社保机构提供异地人
熊猫看书,https://www.wandoujia.com/apps/com.nd.android.pandareader,4830.6万,15.92,海量小说，杂志，漫画，精彩不间断！
上橙地铁商家版,https://www.wandoujia.com/apps/com.lingyun.business,982,25.22,地铁周边经营神器
一元赚,https://www.wandoujia.com/apps/com.qixiao.yyz,245.6万,3.52,一分钟 赚一元
映客,https://www.wandoujia.com/apps/com.meelive.ingkee,1.7亿,64.68,互动答题赢现金
奇妙料理餐厅,https://www.wandoujia.com/apps/com.sinyee.babybus.restaurant,564.1万,80.41,儿童启蒙美食餐厅
彩票之家,https://www.wandoujia.com/apps/com.app.vipc.digit.tools.home,35.4万,9.07,彩民中奖神器
蛙趣视频,https://www.wandoujia.com/apps/com.waqu.android.general_video,4500.4万,31.75,私人订制的海量兴趣视频，无广告！
猎豹安全大师,https://www.wandoujia.com/apps/com.cleanmaster.security_cn,2088.5万,11.54,轻巧好用的安全软件，大师出品，值得信赖！
少年客户端,https://www.wandoujia.com/apps/com.pd.pdread,5.7万,23.4,人民日报少年客户端是集教育新闻为一体的软件，是人民日报旗下的一款产品；平台现在包含的主要功能如下：
首约司机,https://www.wandoujia.com/apps/com.ichinait.gbdriver,39.9万,50.94,安全可靠保驾护航
人人车二手车,https://www.wandoujia.com/apps/com.renrenche.carapp,608.4万,18.52,买卖二手车平台
来电秀,https://www.wandoujia.com/apps/com.bbyh.xiaoxiaoniao.laidianxiu,17.8万,7.34,还在使用枯燥无味的通话界面吗？还在为原生通话界面的不方便苦恼吗？从今天起来电秀解决您在通话中遇到的所
社保网络认证,https://www.wandoujia.com/apps/com.example.si_aosclient_sys,18.2万,11.18,“社保网络认证”应用生物特征识别技术，帮助社保待遇领取人员足不出户、随时随地方便、快捷地完成资格认证
豌豆公主,https://www.wandoujia.com/apps/com.wonderfull.mobileshop,44.3万,23.55,日本精品海淘应用
换机精灵,https://www.wandoujia.com/apps/com.cx.huanji,156.7万,10.42,60秒轻松换机，再也不用担心换机的麻烦了
超级看影院,https://www.wandoujia.com/apps/com.jdqshijdq.ksiqshij,53.2万,4.34,超级看播放器全新体验，是一款多种播放方式的视频播放软件。 设计时尚，界面简单，让你能享受视频带来的乐
淘宝特价版,https://www.wandoujia.com/apps/com.taobao.litetao,229.6万,20.56,淘宝官方出品
VSCO Cam手机摄影,https://www.wandoujia.com/apps/com.vsco.cam,1017.4万,45.65,拍照首选，能拍出令人如此惊叹的效果！
网易新闻,https://www.wandoujia.com/apps/com.netease.newsreader.activity,2906.5万,8.55,有态度的新闻客户端，神评论你懂的！
微贷钱包,https://www.wandoujia.com/apps/com.rybring.weili,166.2万,12.64,通过率高达98%
酷狗直播,https://www.wandoujia.com/apps/com.kugou.fanxing,594.9万,57.42,真人视频直播，与艺人实时互动
e浏览器,https://www.wandoujia.com/apps/com.ledu.ebrowser,92.8万,4.93,极简秒开省内存
小米主题-最主题,https://www.wandoujia.com/apps/com.miui.themeapk.id177E9BE9C0FD46EC876D0F1511BF1A28,105.8万,7.88,用专业打造完美、个性的美化工具，从rom到应用的全系列视觉享受，小米出品值得信赖！混搭主题，彰显个性
网易新闻,https://www.wandoujia.com/apps/com.netease.newsreader.activity,2906.5万,30.88,有态度的新闻客户端，神评论你懂的！
微贷钱包,https://www.wandoujia.com/apps/com.rybring.weili,166.2万,12.64,通过率高达98%
酷狗直播,https://www.wandoujia.com/apps/com.kugou.fanxing,594.9万,57.42,真人视频直播，与艺人实时互动
e浏览器,https://www.wandoujia.com/apps/com.ledu.ebrowser,92.8万,4.93,极简秒开省内存
小米主题-最主题,https://www.wandoujia.com/apps/com.miui.themeapk.id177E9BE9C0FD46EC876D0F1511BF1A28,105.8万,7.88,用专业打造完美、个性的美化工具，从rom到应用的全系列视觉享受，小米出品值得信赖！混搭主题，彰显个性
悟空遥控器,https://www.wandoujia.com/apps/com.wukongtv.wkremote.client,1236.2万,16.33,手机化身遥控器，一键遥控所有盒子
中国福利彩票,https://www.wandoujia.com/apps/com.suma.flcp,60.3万,7.03,福利彩票分析软件
粉笔公考,https://www.wandoujia.com/apps/com.fenbi.android.servant,257.4万,34.26,提供近10年国考、联考及省考行政能力测验真题
和我信,https://www.wandoujia.com/apps/com.jx.cmcc.ict.ibelieve,1435.3万,48.02,一款赚取流量和生活缴费的神器
一亩田,https://www.wandoujia.com/apps/com.ymt360.app.mass,757.5万,35.46,农产品交易平台
魔法现金,https://www.wandoujia.com/apps/com.aldb.android,364.7万,34.86,信用魔法秒变现金
滴滴打车司机端,https://www.wandoujia.com/apps/com.sdu.didi.gui,1780.6万,31.12,“滴滴打车”为司机量身定制的应用
拉卡拉,https://www.wandoujia.com/apps/com.lakala.android,625.5万,61.3,秒级贷款，理财、还款、生活服务
高佣联盟,https://www.wandoujia.com/apps/com.shangfang.gylm,15.9万,36.17,自用省钱分享赚钱
免费小说听书,https://www.wandoujia.com/apps/szsx.mf.novel.listenvioce,60.5万,9.47,小说看累了，闭上双眼来听有声小说，倾听来自灵魂的声音。本软件拥有丰富的小说资源，涵盖了文学名著、恐怖
狼友圈,https://www.wandoujia.com/apps/com.qixiangnet.werewolfkilled,19.6万,55.91,智慧与口才的较量
多鹿,https://www.wandoujia.com/apps/com.enjoy.malt,4万,53.1,记录宝宝成长故事
武汉地铁,https://www.wandoujia.com/apps/com.mieasy.whrt_app_android_4,14.1万,36.55,武汉地铁官方应用
叭哒,https://www.wandoujia.com/apps/com.iqiyi.acg,446.1万,36.56,唱作人投票通道
好省,https://www.wandoujia.com/apps/com.xiaoshijie.sqb,28.2万,22.43,一年帮你省好几千
永安行,https://www.wandoujia.com/apps/com.ibike.publicbicycle.activity,475.2万,30.07,城市共享出行平台
期货软件,https://www.wandoujia.com/apps/com.qyt.novembertr,5.9万,3.45,期货软件理财神器
啄木鸟游戏修改器,https://www.wandoujia.com/apps/com.zmngame.woodpecker,140.3万,2.03,啄木鸟是一款操作简单快速，占用内存少，完全免费，绝无广告的游戏辅助软件，可以让您在游戏中尽情修改游戏
六间房秀场,https://www.wandoujia.com/apps/cn.v6.xiuchang,186.7万,82.36,超火爆直播社区
啄木鸟游戏修改器,https://www.wandoujia.com/apps/com.zmngame.woodpecker,140.3万,2.03,啄木鸟是一款操作简单快速，占用内存少，完全免费，绝无广告的游戏辅助软件，可以让您在游戏中尽情修改游戏
六间房秀场,https://www.wandoujia.com/apps/cn.v6.xiuchang,186.7万,82.36,超火爆直播社区
铃音多多,https://www.wandoujia.com/apps/com.boxring_ringtong,46.6万,16.03,300万手机铃声
驾考家园,https://www.wandoujia.com/apps/jiayuan.com.aikao,163.2万,145.71,手机练车APP
九秒贷,https://www.wandoujia.com/apps/com.jinqianbao.jmd,193.6万,20.98,一键借款实时到账
DJ多多,https://www.wandoujia.com/apps/com.shoujiduoduo.dj,314.3万,19.5,中国最好用的DJ嗨曲音乐盒
小盒家长,https://www.wandoujia.com/apps/com.knowbox.rc.student.pk,1003.6万,151.28,学习游戏两不误
首汽约车,https://www.wandoujia.com/apps/com.ichinait.gbpassenger,467.9万,58.24,高品质出行软件
腾讯游戏管家,https://www.wandoujia.com/apps/com.tencent.gamestick,61.6万,20.64,你的专属游戏助攻
高铁管家,https://www.wandoujia.com/apps/com.gtgj.view,1507.2万,71.4,随时随地订票，退票，坐火车出必备
小精灵美化,https://www.wandoujia.com/apps/com.android.nineton.elfinapp,108.4万,28.27,头像主题美化壁纸
好大夫在线,https://www.wandoujia.com/apps/com.haodf.android,516.2万,62.64,好大夫在线，获取医疗服务的便捷通道！
快图浏览,https://www.wandoujia.com/apps/com.alensw.PicFolder,1926.3万,3.13,最好用最人性化轻便的云相册！
四川移动掌上营业厅,https://www.wandoujia.com/apps/com.sunrise.scmbhc,853万,18.81,四川移动掌上营业厅，新用户送5元话费
儿歌点点,https://www.wandoujia.com/apps/com.mampod.ergedd,175.4万,11.67,音乐早教，哄娃
nice,https://www.wandoujia.com/apps/com.nice.main,1756.1万,22.04,最火图片社交软件，全世界年轻人都爱玩
Messenger,https://www.wandoujia.com/apps/com.anoac.litemess,64.5万,8.43,Messenger是一个应用程序，帮助你每次都留在你的朋友保持联系，每一个地方。最好的使者应用程序为
沟沟直播,https://www.wandoujia.com/apps/com.szqiudu.android.gougoulive,7.1万,32.31,同城直播交友平台
波洞,https://www.wandoujia.com/apps/com.tencent.nijigen,26.7万,46.79,腾讯二次元社区
同城招聘-好工作就在附近,https://www.wandoujia.com/apps/in.weilai,29.2万,28.63,求职招聘神器
大片影院,https://www.wandoujia.com/apps/cc.appmaker.A1204,99.4万,7.57,大片影院为广大用户提供最新的电影大片，提供最全、最新电视剧、电影、综艺及动漫，拥有海量高清百度影音、
腾讯课堂,https://www.wandoujia.com/apps/com.tencent.edu,237.9万,34.2,1、推荐、搜索、机构主页、老师主页多场景发现课程； 2、支持屏幕分享、播放视频、分享PPT，多种上课
微商相册,https://www.wandoujia.com/apps/com.truedian.dragon,37.6万,8.52,微商相册是一款方便自己也方便代理的团队共享相册。 2.功能介绍： 【创建云端相册】 用户可以创建一个
梦幻藏宝阁,https://www.wandoujia.com/apps/com.netease.xyqcbg,46.5万,19.3,网络梦幻奇珍异宝
遇见,https://www.wandoujia.com/apps/net.iaround,1517.1万,33.32,年轻人的语音聊天室
呆萝卜,https://www.wandoujia.com/apps/com.caicai.dailuobo,11.3万,21.92,打造温度社区生活
Y2002音乐,https://www.wandoujia.com/apps/com.blueocean.musicplayer,162.9万,19.39,不能错过的电音
麻花,https://www.wandoujia.com/apps/com.mahoo.sns,9.3万,4.48,【麻花】是一个专注女性话题与社交互动，主打孕育交流，囊括时尚、情感、美食等话题的的移动应用。每天有超
榴莲视频,https://www.wandoujia.com/apps/com.dian.bo,1.9万,20.17,腐向耽美交友社区
抱抱,https://www.wandoujia.com/apps/cn.myhug.baobao,1407.3万,79.02,美女轻颜直播
招才猫直聘-58同城招聘商家版,https://www.wandoujia.com/apps/com.wuba.bangjob,918.1万,42.48,商家端招聘工具
链家,https://www.wandoujia.com/apps/com.homelink.android,1049.9万,57.07,买卖租房找房软件
趣输入,https://www.wandoujia.com/apps/com.qushuru,211.2万,38.85,打字赚钱的输入法
分身助手,https://www.wandoujia.com/apps/com.excean.masteraid,207.9万,5.92,稳定微信多开分身
金山电池医生,https://www.wandoujia.com/apps/com.ijinshan.kbatterydoctor,3096.5万,20.88,智能省电，可延长手机1倍待机时间
酷我听书,https://www.wandoujia.com/apps/cn.kuwo.tingshu,1791.7万,41.45,最省流量、无广告、无插件、完全免费
重庆时时彩,https://www.wandoujia.com/apps/net.deerlet.ssc,103.1万,8.33,开奖超快功能实用
极速浏览器,https://www.wandoujia.com/apps/com.qihoo.contents,85.5万,12.05,更快、更简单
蜂鸟众包,https://www.wandoujia.com/apps/me.ele.crowdsource,149.9万,34.24,单多路短收入高
安卓动漫之家,https://www.wandoujia.com/apps/com.fgbdcvai.pefhnadq,9.7万,3.05,高清漫画全都在安卓动漫之家中等你啦～
极速影院,https://www.wandoujia.com/apps/ym.xi.da.q,20.9万,10.77,为观影而生
录屏精灵,https://www.wandoujia.com/apps/com.jy.recorder,177.3万,14.5,录屏大师超清录屏
恐龙快打,https://www.wandoujia.com/apps/com.kk.workend.seleuco.activity,83.8万,10.56,恐龙快打单机游戏是由日本CAPCOM公司出品的一款著名的街机游戏。恐龙快打又名“恐龙岛”、“黄帽”。
电影天堂,https://www.wandoujia.com/apps/cn.com.dy.mm,146万,9.35,电影天堂播放器
壁纸精灵,https://www.wandoujia.com/apps/com.xunruifairy.wallpaper,63.3万,18.71,DIY动态壁纸
迅雷资源助手,https://www.wandoujia.com/apps/com.us.btsearch,226.1万,2.86,帮你搜索全网迅雷磁力种子，还有热门推荐哦
护眼宝防蓝光,https://www.wandoujia.com/apps/protect.eye,3019.1万,3.23,夜晚在被窝中玩手机的好伴侣
懂球帝,https://www.wandoujia.com/apps/com.dongqiudi.news,700.9万,37.29,足球新闻全面数据
迅雷资源助手,https://www.wandoujia.com/apps/com.us.btsearch,226.1万,2.86,帮你搜索全网迅雷磁力种子，还有热门推荐哦
护眼宝防蓝光,https://www.wandoujia.com/apps/protect.eye,3019.1万,3.23,夜晚在被窝中玩手机的好伴侣
懂球帝,https://www.wandoujia.com/apps/com.dongqiudi.news,700.9万,37.29,足球新闻全面数据
免费电子书,https://www.wandoujia.com/apps/com.mianfeia.book,770.7万,9.15,免费阅读还能赚钱
通达信,https://www.wandoujia.com/apps/com.tdx.AndroidNew,201.5万,47.89,信息全面丰富、运行稳定高效、结构清晰易上手
今日影视,https://www.wandoujia.com/apps/com.now.video,70.2万,20.41,海量视频 随心看
连尚读书,https://www.wandoujia.com/apps/com.wifi.reader,71.2万,6.55,火爆爽文热门连载
汉语字典,https://www.wandoujia.com/apps/hugh.android.app.zidian,1151.1万,14.42,5种查询方式，是您学习的好帮手
SNKRS,https://www.wandoujia.com/apps/com.nike.snkrs,60.1万人下载 ・,60.1万人下载 ・,Nike独门鞋会
苏宁小店,https://www.wandoujia.com/apps/com.suning.mobile.msd,47.1万,60.98,苏宁  购物
Google声音搜索,https://www.wandoujia.com/apps/com.google.android.ears,27.1万,79K,Google自己开发了一款智能音乐识别的工具，以桌面插件的形式出现在最新版系统中。现在有开发者将这款
语玩语音聊天交友约会,https://www.wandoujia.com/apps/cn.longmaster.pengpeng,353.4万,49.88,一键速配，同城邂逅意中人
音乐剪辑,https://www.wandoujia.com/apps/www.imxiaoyu.com.musiceditor,89.9万,15.64,给你想要的音乐
Spot,https://www.wandoujia.com/apps/com.getremark.spot,9.4万,45.65,地图上Party
卡牛信用管家-贷款,https://www.wandoujia.com/apps/com.mymoney.sms,1813.1万,22.6,贷款借钱办信用卡
中国银行缤纷生活,https://www.wandoujia.com/apps/com.forms,200.6万,54.08,缤纷生活是中国银行信用卡官方客户端，通过信用卡基础功能服务、移动支付服务、积分及分期商城、商户优惠、
吉吉影音,https://www.wandoujia.com/apps/com.video.newjvod,391.5万,10.07,jjvod吉吉影音链接播放。
爱优漫,https://www.wandoujia.com/apps/com.comic.iyouman,107.2万,34.65,有爱女孩子漫画站
迅雷HD,https://www.wandoujia.com/apps/com.xunlei.downloadprovider.pad,15.9万,10.15,迅雷HD
安心记加班,https://www.wandoujia.com/apps/com.julanling.app,220.8万,21.45,劳动部门推荐使用
空调遥控器万能版,https://www.wandoujia.com/apps/com.yu.sia,25.5万,4.44,按型号搜索遥控器：输入电器品牌/型号等关键词即可搜索，再不用对着数十套遥控器数据逐一匹配，人性化智能
粉象生活,https://www.wandoujia.com/apps/com.n_add.android,16.7万,25.98,购物省钱少花钱
手机来电铃声,https://www.wandoujia.com/apps/com.hzld.ring,193.1万,6.08,彩铃手机铃声多多
